name,id,nametype,type,class,group,mass (g),fall,year,reclat,reclong,GeoLocation
Meru,15491,Valid,Stony,Ordinary,LL6,6000,Fell,1945-01-01,0,37.66667,"(0.000000, 37.666670)"
Rumuruti,22782,Valid,Stony,No Class,R3.8-6,67,Fell,1934-01-01,0.26667,36.53333,"(0.266670, 36.533330)"
Ipitinga,12044,Valid,Stony,Ordinary,H5,7000,Found,1989-01-01,0.35,-53.81667,"(0.350000, -53.816670)"
Yambo,30345,Valid,Stony,Ordinary,H5,4,Fell,1951-01-01,1,22.5,"(1.000000, 22.500000)"
Thika,54493,Valid,Stony,Ordinary,L6,14200,Fell,2011-01-01,-1.00278,37.15028,"(-1.002780, 37.150280)"
Mbale,15455,Valid,Stony,Ordinary,L5/6,150000,Fell,1992-01-01,1.06667,34.16667,"(1.066670, 34.166670)"
Maziba,15454,Valid,Stony,Ordinary,L6,4975,Fell,1942-01-01,-1.21667,30,"(-1.216670, 30.000000)"
Hoima,44714,Valid,Stony,Ordinary,H6,167.7,Fell,2003-01-01,1.345,31.47278,"(1.345000, 31.472780)"
Ruhobobo,22780,Valid,Stony,Ordinary,L6,465.5,Fell,1976-01-01,-1.45,29.83333,"(-1.450000, 29.833330)"
Soroti,23671,Valid,Iron,Achondrites,"Iron, ungrouped",2050,Fell,1945-01-01,1.7,33.63333,"(1.700000, 33.633330)"
Daule,51559,Valid,Stony,Ordinary,L5,6580,Fell,2008-01-01,-1.87089,-79.95756,"(-1.870890, -79.957560)"
Bununu,5165,Valid,Stony,Achondrites,Howardite,357,Fell,1942-01-01,10.01667,9.58333,"(10.016670, 9.583330)"
Chisenga,5355,Valid,Iron,Achondrites,"Iron, IIIAB",3920,Fell,1988-01-01,-10.05944,33.395,"(-10.059440, 33.395000)"
Cranganore,5465,Valid,Stony,Ordinary,L6,1460,Fell,1917-01-01,10.2,76.26667,"(10.200000, 76.266670)"
Rupota,22783,Valid,Stony,Ordinary,L4-6,6000,Fell,1949-01-01,-10.26667,38.76667,"(-10.266670, 38.766670)"
Bouri,47701,Valid,Stony,Ordinary,H4,9100,Found,1996-01-01,10.26667,40.56667,"(10.266670, 40.566670)"
Kuttippuram,12384,Valid,Stony,Ordinary,L6,45000,Fell,1914-01-01,10.83333,76.03333,"(10.833330, 76.033330)"
Ucera,24097,Valid,Stony,Ordinary,H5,4590,Fell,1970-01-01,11.05,-69.85,"(11.050000, -69.850000)"
Bawku,4976,Valid,Stony,Ordinary,LL5,1557,Fell,1989-01-01,11.08333,-0.18333,"(11.083330, -0.183330)"
Katagum,35465,Valid,Stony,Ordinary,L6,1500,Fell,1999-01-01,11.33333,10.08333,"(11.333330, 10.083330)"
P�,18179,Valid,Stony,Ordinary,L6,,Fell,1989-01-01,11.33367,-3.54217,"(11.333670, -3.542170)"
Massenya,15442,Valid,Stony,Ordinary,H5,612.4,Found,1958-01-01,11.35,16.15,"(11.350000, 16.150000)"
Gujba,11449,Valid,Stony,Carbonaceous,CBa,100000,Fell,1984-01-01,11.49167,11.65833,"(11.491670, 11.658330)"
Mtola,16820,Valid,Stony,Unclassified,Stone-uncl,1100,Fell,1944-01-01,-11.5,33.5,"(-11.500000, 33.500000)"
Kingai,12316,Valid,Stony,Ordinary,H6,67.4,Fell,1967-01-01,11.63333,24.68333,"(11.633330, 24.683330)"
Gao-Guenie (b),10855,Valid,Stony,Carbonaceous,CR,344,Found,2002-01-01,11.65,-2.18333,"(11.650000, -2.183330)"
Gao-Guenie,10854,Valid,Stony,Ordinary,H5,,Fell,1960-01-01,11.65,-2.18333,"(11.650000, -2.183330)"
B�r�ba,5028,Valid,Stony,Achondrites,Eucrite-mmict,18000,Fell,1924-01-01,11.65,-3.65,"(11.650000, -3.650000)"
Clipperton,5382,Valid,Stony,Ordinary,H3.5,277,Found,1986-01-01,11.7,-137.8,"(11.700000, -137.800000)"
Zagami,30386,Valid,Stony,Achondrites,Martian (shergottite),18000,Fell,1962-01-01,11.73333,7.08333,"(11.733330, 7.083330)"
Calivo,5200,Valid,Stony,Unclassified,Stone-uncl,2400,Fell,1916-01-01,11.75,122.33333,"(11.750000, 122.333330)"
Jolomba,12199,Valid,Stony,Ordinary,LL6,483,Fell,1974-01-01,-11.85,15.83333,"(-11.850000, 15.833330)"
Kabo,12220,Valid,Stony,Ordinary,H4,13400,Fell,1971-01-01,11.85,8.21667,"(11.850000, 8.216670)"
Valdavur,24144,Valid,Stony,Ordinary,H6,2799,Fell,1944-01-01,11.98333,79.75,"(11.983330, 79.750000)"
Nadiabondi,16889,Valid,Stony,Ordinary,H5,8165,Fell,1956-01-01,12,1,"(12.000000, 1.000000)"
Phum Sambo,18811,Valid,Stony,Ordinary,H4,7800,Fell,1933-01-01,12,105.48333,"(12.000000, 105.483330)"
Gove,52859,Relict,Iron,Unclassified,Relict iron,0,Found,1979-01-01,-12.26333,136.83833,"(-12.263330, 136.838330)"
Bilanga,5045,Valid,Stony,Achondrites,Diogenite,25000,Fell,1999-01-01,12.45,-0.08333,"(12.450000, -0.083330)"
Bogou,5097,Valid,Iron,Primitive Achondrites,"Iron, IAB-MG",8800,Fell,1962-01-01,12.5,0.7,"(12.500000, 0.700000)"
Clarion,5372,Valid,Stony,Ordinary,H4,20,Found,1986-01-01,12.5,-137.7,"(12.500000, -137.700000)"
Sulagiri,48951,Valid,Stony,Ordinary,LL6,110000,Fell,2008-01-01,12.66667,78.03333,"(12.666670, 78.033330)"
Djermaia,7656,Valid,Stony,Ordinary,H,3950,Fell,1961-01-01,12.73333,15.05,"(12.733330, 15.050000)"
Kilabo,12307,Valid,Stony,Ordinary,LL6,19000,Fell,2002-01-01,12.76667,9.8,"(12.766670, 9.800000)"
Maigatari-Danduma,30751,Valid,Stony,Ordinary,H5/6,4629,Fell,2004-01-01,12.83333,9.38333,"(12.833330, 9.383330)"
Gashua,44882,Valid,Stony,Ordinary,L6,4162,Fell,1984-01-01,12.85,11.03333,"(12.850000, 11.033330)"
Ouadangou,56729,Valid,Stony,Ordinary,L5,4440,Fell,2003-01-01,12.9,0.08,"(12.900000, 0.080000)"
Karewar,12260,Valid,Stony,Ordinary,L6,180,Fell,1949-01-01,12.9,7.15,"(12.900000, 7.150000)"
Geidam,10870,Valid,Stony,Ordinary,H5,725,Fell,1950-01-01,12.91667,11.91667,"(12.916670, 11.916670)"
Kota-Kota,12351,Valid,Stony,Enstatite,EH3,334,Found,1905-01-01,-13.01667,34.2,"(-13.016670, 34.200000)"
Dosso,7722,Valid,Stony,Ordinary,L6,1250,Fell,1962-01-01,13.05,3.16667,"(13.050000, 3.166670)"
Goronyo,34019,Valid,Stony,Ordinary,H4,11000,Found,2001-01-01,13.26667,5.4,"(13.266670, 5.400000)"
Umm Ruaba,24118,Valid,Stony,Ordinary,L5,1700,Fell,1966-01-01,13.46667,31.21667,"(13.466670, 31.216670)"
Guibga,11442,Valid,Stony,Ordinary,L5,288,Fell,1972-01-01,13.5,-0.68333,"(13.500000, -0.683330)"
Bondoc,5103,Valid,Stony-Iron,Achondrites,Mesosiderite-B4,888600,Found,1956-01-01,13.51667,122.45,"(13.516670, 122.450000)"
Tirupati,24009,Valid,Stony,Ordinary,H6,230,Fell,1934-01-01,13.63333,79.41667,"(13.633330, 79.416670)"
Al Zarnkh,447,Valid,Stony,Ordinary,LL5,700,Fell,2001-01-01,13.66033,28.96,"(13.660330, 28.960000)"
Dowa,7725,Valid,Stony,Unclassified,Stone-uncl,642,Fell,1976-01-01,-13.66667,33.91667,"(-13.666670, 33.916670)"
Yafa,24351,Valid,Stony,Ordinary,H5,5700,Fell,2000-01-01,13.71111,45.17,"(13.711110, 45.170000)"
Nakhon Pathom,16899,Valid,Stony,Ordinary,L6,23200,Fell,1923-01-01,13.73333,100.08333,"(13.733330, 100.083330)"
Birni N'konni,5056,Valid,Stony,Ordinary,H4,560,Fell,1923-01-01,13.76667,5.3,"(13.766670, 5.300000)"
N'Goureyma,16968,Valid,Iron,Achondrites,"Iron, ungrouped",37500,Fell,1900-01-01,13.85,-4.38333,"(13.850000, -4.383330)"
Kidairat,12300,Valid,Stony,Ordinary,H6,100000,Fell,1983-01-01,14,28,"(14.000000, 28.000000)"
P�t�lkol�,18800,Valid,Stony,Ordinary,H5,189,Fell,1995-01-01,14.052,0.42,"(14.052000, 0.420000)"
Gasseltepaoua,10866,Valid,Stony,Ordinary,H5,,Fell,2000-01-01,14.15083,-2.04167,"(14.150830, -2.041670)"
Kamsagar,12241,Valid,Stony,Ordinary,L6,1293,Fell,1902-01-01,14.18333,75.8,"(14.183330, 75.800000)"
Maromandia,15430,Valid,Stony,Ordinary,L6,6000,Fell,2002-01-01,-14.2,48.1,"(-14.200000, 48.100000)"
Tillaberi,23999,Valid,Stony,Ordinary,L6,3000,Fell,1970-01-01,14.25,1.53333,"(14.250000, 1.533330)"
Campinorte,52093,Valid,Iron,Achondrites,"Iron, ungrouped",2000000,Found,1992-01-01,-14.258,-49.15917,"(-14.258000, -49.159170)"
Chinautla,5352,Valid,Iron,Achondrites,"Iron, IVA-an",5720,Found,1902-01-01,14.5,-90.5,"(14.500000, -90.500000)"
Cerro La Tiza,44877,Valid,Stony,Ordinary,H4,3740,Found,2002-01-01,-14.53321,-75.77511,"(-14.533210, -75.775110)"
Kaidun,12228,Valid,Stony,Carbonaceous,CR2,2000,Fell,1980-01-01,15,48.3,"(15.000000, 48.300000)"
Machinga,15371,Valid,Stony,Ordinary,L6,93200,Fell,1981-01-01,-15.21222,35.24222,"(-15.212220, 35.242220)"
New Halfa,16954,Valid,Stony,Ordinary,L4,12000,Fell,1994-01-01,15.36667,35.68333,"(15.366670, 35.683330)"
Itapuranga,12057,Valid,Iron,Primitive Achondrites,"Iron, IAB-MG",628000,Found,,-15.58333,-50.15,"(-15.583330, -50.150000)"
Phuoc-Binh,18812,Valid,Stony,Ordinary,L5,11000,Fell,1941-01-01,15.71667,108.1,"(15.716670, 108.100000)"
Bassikounou,44876,Valid,Stony,Ordinary,H5,29560,Fell,2006-01-01,15.78333,-5.9,"(15.783330, -5.900000)"
Monze,16733,Valid,Stony,Ordinary,L6,,Fell,1950-01-01,-15.96667,27.35,"(-15.966670, 27.350000)"
Khor Temiki,12299,Valid,Stony,Achondrites,Aubrite,3200,Fell,1932-01-01,16,36,"(16.000000, 36.000000)"
Aioun el Atrouss,423,Valid,Stony,Achondrites,Diogenite-pm,1000,Fell,1974-01-01,16.39806,-9.57028,"(16.398060, -9.570280)"
Kiffa,12303,Valid,Stony,Ordinary,H5,1500,Fell,1970-01-01,16.58333,-11.33333,"(16.583330, -11.333330)"
Carancas,45817,Valid,Stony,Ordinary,H4-5,342,Fell,2007-01-01,-16.66444,-69.04389,"(-16.664440, -69.043890)"
Ban Rong Du,4934,Valid,Iron,Achondrites,"Iron, ungrouped",16700,Fell,1993-01-01,16.66667,101.18333,"(16.666670, 101.183330)"
Vissannapeta,24188,Valid,Stony,Achondrites,Eucrite-cm,1303.8,Fell,1997-01-01,16.83333,80.75,"(16.833330, 80.750000)"
Acapulco,10,Valid,Stony,Primitive Achondrites,Acapulcoite,1914,Fell,1976-01-01,16.88333,-99.9,"(16.883330, -99.900000)"
Mafuta,15384,Valid,Iron,Achondrites,"Iron, IID",71500,Found,1984-01-01,-16.9025,30.40722,"(-16.902500, 30.407220)"
Bocaiuva,5092,Valid,Iron,Achondrites,"Iron, ungrouped",64000,Found,1965-01-01,-17.16667,-43.83333,"(-17.166670, -43.833330)"
Boumdeid (2011),57167,Valid,Stony,Ordinary,L6,3599,Fell,2011-01-01,17.17493,-11.34133,"(17.174930, -11.341330)"
Ehole,7774,Valid,Stony,Ordinary,H5,2400,Fell,1961-01-01,-17.3,15.83333,"(-17.300000, 15.833330)"
Chitado,5356,Valid,Stony,Ordinary,L6,,Fell,1966-01-01,-17.35,13.96667,"(-17.350000, 13.966670)"
Mangwendi,15405,Valid,Stony,Ordinary,LL6,22300,Fell,1934-01-01,-17.65,31.6,"(-17.650000, 31.600000)"
Adrar Yaouelt,387,Valid,Stony,Ordinary,H5,2730,Found,2002-01-01,17.67987,10.03503,"(17.679870, 10.035030)"
Boumdeid (2003),57168,Valid,Stony,Ordinary,L6,190,Fell,2003-01-01,17.71067,-11.3715,"(17.710670, -11.371500)"
Paitan,18072,Valid,Stony,Ordinary,H6,515,Fell,1910-01-01,17.74333,120.45583,"(17.743330, 120.455830)"
Aybut 001,4912,Valid,Stony,Ordinary,H6,442.26,Found,2002-01-01,17.75793,53.99032,"(17.757930, 53.990320)"
Chiang Khan,5345,Valid,Stony,Ordinary,H6,367,Fell,1981-01-01,17.9,101.63333,"(17.900000, 101.633330)"
Ovambo,18055,Valid,Stony,Ordinary,L6,121.5,Fell,1900-01-01,-18,16,"(-18.000000, 16.000000)"
Dhofar 274,7057,Valid,Stony,Ordinary,L6,2475,Found,2001-01-01,18.06333,54.05,"(18.063330, 54.050000)"
Dhofar 028,6727,Valid,Stony,Ordinary,H5-6,34,Found,1999-01-01,18.07583,54.06717,"(18.075830, 54.067170)"
Dhofar 1687,56193,Valid,Stony,Ordinary,L6,394.6,Found,2011-01-01,18.0901,54.08788,"(18.090100, 54.087880)"
Dhofar 286,7069,Valid,Stony,Ordinary,L6,1453,Found,2001-01-01,18.12667,54.115,"(18.126670, 54.115000)"
Dhofar 006,6705,Valid,Stony,Ordinary,L5,364.5,Found,1999-01-01,18.13167,54.10833,"(18.131670, 54.108330)"
Dhofar 509,7270,Valid,Stony,Ordinary,L6,238,Found,2000-01-01,18.14,54.07,"(18.140000, 54.070000)"
Dhofar 219,7003,Valid,Stony,Ordinary,H5,99,Found,2001-01-01,18.14,54.16167,"(18.140000, 54.161670)"
Dhofar 331,7114,Valid,Stony,Ordinary,H5,946,Found,2000-01-01,18.14167,54.08667,"(18.141670, 54.086670)"
Dhofar 1113,30503,Valid,Stony,Ordinary,H3,702,Found,2004-01-01,18.14217,54.09683,"(18.142170, 54.096830)"
Dhofar 021,6720,Valid,Stony,Ordinary,H5/6,2534,Found,2000-01-01,18.15333,54.17833,"(18.153330, 54.178330)"
Dhofar 1088,33792,Valid,Stony,Ordinary,L~6,470,Found,2004-01-01,18.15363,54.10562,"(18.153630, 54.105620)"
Dhofar 496,7257,Valid,Stony,Ordinary,L4,354,Found,2000-01-01,18.155,54.11167,"(18.155000, 54.111670)"
Dhofar 111,6896,Valid,Stony,Ordinary,L5,114,Found,2000-01-01,18.1575,54.09333,"(18.157500, 54.093330)"
Dhofar 378,7160,Valid,Stony,Achondrites,Martian (shergottite),15,Found,2000-01-01,18.15833,54.11333,"(18.158330, 54.113330)"
Dhofar 1505,53794,Valid,Stony,Ordinary,L~6,222.2,Found,2009-01-01,18.15897,54.26892,"(18.158970, 54.268920)"
Dhofar 017,6716,Valid,Stony,Ordinary,H4,1736,Found,2000-01-01,18.16,54.13833,"(18.160000, 54.138330)"
Dhofar 1506,53795,Valid,Stony,Ordinary,L~6,362.2,Found,2009-01-01,18.1603,54.17717,"(18.160300, 54.177170)"
Dhofar 864,7610,Valid,Stony,Ordinary,L6,1233,Found,2002-01-01,18.16333,54.16,"(18.163330, 54.160000)"
Dhofar 1624,54597,Valid,Stony,Ordinary,H-melt rock,621,Found,2009-01-01,18.16358,54.27542,"(18.163580, 54.275420)"
Dhofar 001,6700,Valid,Stony,Ordinary,L6,46,Found,1999-01-01,18.165,54.08333,"(18.165000, 54.083330)"
Dhofar 1296,34512,Valid,Stony,Ordinary,L5,48,Found,2002-01-01,18.16667,54.08333,"(18.166670, 54.083330)"
Dhofar 002,6701,Valid,Stony,Ordinary,L5,36,Found,1999-01-01,18.16667,54.085,"(18.166670, 54.085000)"
Dhofar 005,6704,Valid,Stony,Ordinary,L6,125500,Found,2000-01-01,18.16667,54.16667,"(18.166670, 54.166670)"
Dhofar 1542,52416,Valid,Stony,Ordinary,L6,500,Found,2008-01-01,18.17417,54.28133,"(18.174170, 54.281330)"
Dhofar 298,7081,Valid,Stony,Ordinary,H6,677,Found,2001-01-01,18.17667,54.26333,"(18.176670, 54.263330)"
Dhofar 112,6897,Valid,Stony,Ordinary,L6,201,Found,2000-01-01,18.178,54.10467,"(18.178000, 54.104670)"
Dhofar 533,7294,Valid,Stony,Ordinary,L6,308,Found,2000-01-01,18.17833,54.18167,"(18.178330, 54.181670)"
Dhofar 808,7554,Valid,Stony,Ordinary,L6,2.5,Found,2001-01-01,18.17998,54.20367,"(18.179980, 54.203670)"
Dhofar 318,7101,Valid,Stony,Ordinary,L6,522,Found,2001-01-01,18.18,54.175,"(18.180000, 54.175000)"
Dhofar 849,7595,Valid,Stony,Ordinary,L6,146,Found,2001-01-01,18.18167,54.09667,"(18.181670, 54.096670)"
Dhofar 203,6987,Valid,Stony,Ordinary,H4,274,Found,2000-01-01,18.18333,54.12333,"(18.183330, 54.123330)"
Dhofar 196,6980,Valid,Stony,Ordinary,L6,584,Found,1999-01-01,18.18333,54.145,"(18.183330, 54.145000)"
Dhofar 1534,52403,Valid,Stony,Ordinary,H4,3045,Found,2006-01-01,18.18467,54.58917,"(18.184670, 54.589170)"
Dhofar 1688,56194,Valid,Stony,Ordinary,L5,52.5,Found,2011-01-01,18.18535,54.269,"(18.185350, 54.269000)"
Dhofar 1689,56195,Valid,Stony,Ordinary,H5,22.3,Found,2011-01-01,18.188,54.2698,"(18.188000, 54.269800)"
Dhofar 539,7300,Valid,Stony,Ordinary,H5,102,Found,2001-01-01,18.18833,54.16667,"(18.188330, 54.166670)"
Dhofar 113,6898,Valid,Stony,Ordinary,L6,356,Found,2000-01-01,18.1915,54.1125,"(18.191500, 54.112500)"
Dhofar 642,7399,Valid,Stony,Ordinary,L6,135,Found,2001-01-01,18.19282,53.80802,"(18.192820, 53.808020)"
Dhofar 003,6702,Valid,Stony,Ordinary,H4,65,Found,1999-01-01,18.20167,54.13667,"(18.201670, 54.136670)"
Dhofar 848,7594,Valid,Stony,Ordinary,L5,162,Found,2001-01-01,18.20167,54.28,"(18.201670, 54.280000)"
Dhofar 1479,48956,Valid,Stony,Ordinary,H5/6,132,Found,2003-01-01,18.2025,54.05167,"(18.202500, 54.051670)"
Dhofar 1690,56196,Valid,Stony,Ordinary,H5,700.5,Found,2011-01-01,18.20358,54.29502,"(18.203580, 54.295020)"
Dhofar 1222,31358,Valid,Stony,Primitive Achondrites,Acapulcoite,93,Found,2003-01-01,18.20417,54.05667,"(18.204170, 54.056670)"
Dhofar 1529,53880,Valid,Stony,Ordinary,H3.2,175,Found,2006-01-01,18.205,54.29783,"(18.205000, 54.297830)"
Dhofar 939,30520,Valid,Stony,Ordinary,H5,508,Found,2002-01-01,18.20833,54.12,"(18.208330, 54.120000)"
Dhofar 1691,56197,Valid,Stony,Ordinary,H5-6,105.5,Found,2011-01-01,18.21135,54.2995,"(18.211350, 54.299500)"
Dhofar 188,6972,Valid,Stony,Ordinary,H4,234,Found,2000-01-01,18.21167,54.14833,"(18.211670, 54.148330)"
Areshima,2330,Valid,Stony,Ordinary,LL3.7,114.3,Found,1999-01-01,18.21233,10.17767,"(18.212330, 10.177670)"
Dhofar 323,7106,Valid,Stony,Ordinary,H5,688,Found,2001-01-01,18.21833,54.10667,"(18.218330, 54.106670)"
Dhofar 1530,52399,Valid,Stony,Ordinary,H6,2118,Found,2006-01-01,18.21917,54.31533,"(18.219170, 54.315330)"
Dhofar 1531,52400,Valid,Stony,Ordinary,L6,2100,Found,2006-01-01,18.21917,54.31533,"(18.219170, 54.315330)"
Dhofar 1281,34500,Valid,Stony,Ordinary,L6,140,Found,2005-01-01,18.21947,54.30514,"(18.219470, 54.305140)"
Dhofar 399,7181,Valid,Stony,Ordinary,L6,283,Found,2001-01-01,18.2209,54.70118,"(18.220900, 54.701180)"
Dhofar 858,7604,Valid,Stony,Ordinary,H3.9,88,Found,2001-01-01,18.22167,54.1,"(18.221670, 54.100000)"
Dhofar 1543,52417,Valid,Stony,Ordinary,H4,1734,Found,2008-01-01,18.222,54.31783,"(18.222000, 54.317830)"
Dhofar 1504,53793,Valid,Stony,Ordinary,L~5,208.2,Found,2009-01-01,18.2238,54.2463,"(18.223800, 54.246300)"
Dhofar 026,6725,Valid,Stony,Achondrites,Lunar (anorth),148,Found,2000-01-01,18.22667,54.11167,"(18.226670, 54.111670)"
Dhofar 1221,30512,Valid,Stony,Ordinary,H5,58,Found,2003-01-01,18.23083,54.09,"(18.230830, 54.090000)"
Dhofar 206,6990,Valid,Stony,Ordinary,L3.7,190,Found,2000-01-01,18.23833,54.135,"(18.238330, 54.135000)"
Dhofar 525,7286,Valid,Stony,Ordinary,L5,50,Found,2000-01-01,18.23833,54.13667,"(18.238330, 54.136670)"
Dhofar 522,7283,Valid,Stony,Ordinary,H4,186,Found,2000-01-01,18.24,54.16833,"(18.240000, 54.168330)"
Dhofar 1566,51571,Valid,Stony,Ordinary,LL5-6,605,Found,2008-01-01,18.24233,54.1065,"(18.242330, 54.106500)"
Dhofar 852,7598,Valid,Stony,Ordinary,H4,122,Found,2001-01-01,18.24333,54.135,"(18.243330, 54.135000)"
Dhofar 014,6713,Valid,Stony,Ordinary,LL7,414,Found,2000-01-01,18.24333,54.14167,"(18.243330, 54.141670)"
Dhofar 461,30420,Valid,Stony,Achondrites,Lunar (anorth),33.7,Found,2001-01-01,18.2447,53.9978,"(18.244700, 53.997800)"
Dhofar 770,7516,Valid,Stony,Ordinary,H5/6,376,Found,2000-01-01,18.245,54.40912,"(18.245000, 54.409120)"
Dhofar 462,30421,Valid,Stony,Achondrites,Lunar (anorth),44.7,Found,2001-01-01,18.24667,54.00188,"(18.246670, 54.001880)"
Dhofar 463,30422,Valid,Stony,Achondrites,Lunar (anorth),24.3,Found,2001-01-01,18.2468,54.00242,"(18.246800, 54.002420)"
Dhofar 466,30425,Valid,Stony,Achondrites,Lunar (anorth),69.2,Found,2001-01-01,18.2469,53.9962,"(18.246900, 53.996200)"
Dhofar 465,30424,Valid,Stony,Achondrites,Lunar (anorth),70.7,Found,2001-01-01,18.24722,54.00628,"(18.247220, 54.006280)"
Dhofar 291,7074,Valid,Stony,Ordinary,L5,1164,Found,2000-01-01,18.24833,54.10333,"(18.248330, 54.103330)"
Dhofar 457,30416,Valid,Stony,Achondrites,Lunar (anorth),99.5,Found,2001-01-01,18.24835,54.0016,"(18.248350, 54.001600)"
Dhofar 459,30418,Valid,Stony,Achondrites,Lunar (anorth),31.5,Found,2001-01-01,18.24857,54.00337,"(18.248570, 54.003370)"
Dhofar 458,30417,Valid,Stony,Achondrites,Lunar (anorth),36.7,Found,2001-01-01,18.24862,54.00242,"(18.248620, 54.002420)"
Dhofar 1435,51593,Valid,Stony,Ordinary,H5,11.7,Found,2007-01-01,18.24862,54.00363,"(18.248620, 54.003630)"
Dhofar 460,30419,Valid,Stony,Achondrites,Lunar (anorth),73.1,Found,2001-01-01,18.24942,54.00727,"(18.249420, 54.007270)"
Dhofar 464,30423,Valid,Stony,Achondrites,Lunar (anorth),22.3,Found,2001-01-01,18.2496,53.99437,"(18.249600, 53.994370)"
Dhofar 1279,34498,Valid,Stony,Ordinary,L6,1588,Found,2005-01-01,18.25117,54.19822,"(18.251170, 54.198220)"
Dhofar 221,7005,Valid,Stony,Ordinary,L5,3536,Found,2000-01-01,18.25167,54.19833,"(18.251670, 54.198330)"
Dhofar 714,7470,Valid,Stony,Ordinary,H5,207,Found,2000-01-01,18.25167,54.425,"(18.251670, 54.425000)"
Dhofar 467,30426,Valid,Stony,Achondrites,Lunar (anorth),36.2,Found,2001-01-01,18.25377,54.00077,"(18.253770, 54.000770)"
Dhofar 468,30427,Valid,Stony,Achondrites,Lunar (anorth),18.9,Found,2001-01-01,18.2565,53.99208,"(18.256500, 53.992080)"
Dhofar 211,6995,Valid,Stony,Ordinary,H4,255,Found,2001-01-01,18.25667,54.18167,"(18.256670, 54.181670)"
Dhofar 1675,56312,Valid,Stony,Achondrites,Eucrite-pmict,168,Found,2004-01-01,18.259,54.02947,"(18.259000, 54.029470)"
Dhofar 090,6789,Valid,Stony,Ordinary,H4,690,Found,1999-01-01,18.26117,54.32483,"(18.261170, 54.324830)"
Dhofar 192,6976,Valid,Stony,Ordinary,H4,4779,Found,1999-01-01,18.26167,54.24333,"(18.261670, 54.243330)"
Dhofar 207,6991,Valid,Stony,Ordinary,H3.4/3.5,499.5,Found,1999-01-01,18.26333,54.06833,"(18.263330, 54.068330)"
Dhofar 195,6979,Valid,Stony,Ordinary,H3-5,2384,Found,1999-01-01,18.26333,54.24667,"(18.263330, 54.246670)"
Dhofar 271,7054,Valid,Stony,Ordinary,H4,1335,Found,2000-01-01,18.265,54.045,"(18.265000, 54.045000)"
Dhofar 279,7062,Valid,Stony,Ordinary,L6,1932,Found,2001-01-01,18.265,54.33833,"(18.265000, 54.338330)"
Dhofar 753,7499,Valid,Stony,Ordinary,H3/4,550,Found,2000-01-01,18.26585,54.32107,"(18.265850, 54.321070)"
Dhofar 223,7007,Valid,Stony,Ordinary,H4,1708,Found,2000-01-01,18.26667,54.09667,"(18.266670, 54.096670)"
Dhofar 1539,52406,Valid,Stony,Ordinary,H4,1614,Found,2006-01-01,18.26667,54.425,"(18.266670, 54.425000)"
Dhofar 999,7639,Valid,Stony,Ordinary,H5,20.89,Found,2001-01-01,18.26817,54.15067,"(18.268170, 54.150670)"
Dhofar 332,7115,Valid,Stony,Ordinary,H5,794,Found,2000-01-01,18.26833,54.12167,"(18.268330, 54.121670)"
Dhofar 1565,51570,Valid,Stony,Ordinary,H5,43000,Found,2008-01-01,18.2735,54.21367,"(18.273500, 54.213670)"
Dhofar 746,7492,Valid,Stony,Ordinary,H6,969,Found,2000-01-01,18.27562,54.32182,"(18.275620, 54.321820)"
Dhofar 527,7288,Valid,Stony,Ordinary,H4,172,Found,2001-01-01,18.27667,54.135,"(18.276670, 54.135000)"
Dhofar 1280,34499,Valid,Stony,Ordinary,H6,4473,Found,2005-01-01,18.27717,54.25547,"(18.277170, 54.255470)"
Dhofar 262,7045,Valid,Stony,Ordinary,H6,291.8,Found,2001-01-01,18.27733,54.25533,"(18.277330, 54.255330)"
Dhofar 766,7512,Valid,Stony,Ordinary,H6,152,Found,2000-01-01,18.2776,54.32358,"(18.277600, 54.323580)"
Dhofar 1288,34504,Valid,Stony,Ordinary,H5,43600,Found,2004-01-01,18.27833,54.285,"(18.278330, 54.285000)"
Dhofar 009,6708,Valid,Stony,Ordinary,L6,2102,Found,1999-01-01,18.28167,54.11,"(18.281670, 54.110000)"
Dhofar 1712,56336,Valid,Stony,Ordinary,L6,240,Found,2010-01-01,18.29658,54.14983,"(18.296580, 54.149830)"
Dhofar 505,7266,Valid,Stony,Ordinary,L5,375,Found,2000-01-01,18.29833,54.19333,"(18.298330, 54.193330)"
Dhofar 018,6717,Valid,Stony,Achondrites,Howardite,833,Found,2000-01-01,18.30167,54.15333,"(18.301670, 54.153330)"
Dhofar 837,7583,Valid,Stony,Primitive Achondrites,Ureilite,900.1,Found,2000-01-01,18.30583,54.14967,"(18.305830, 54.149670)"
Dhofar 506,7267,Valid,Stony,Ordinary,H4,340,Found,2000-01-01,18.30833,54.17333,"(18.308330, 54.173330)"
Dhofar 138,6923,Valid,Stony,Ordinary,L6,5640,Found,2000-01-01,18.31133,54.36933,"(18.311330, 54.369330)"
Dhofar 1626,54491,Valid,Stony,Achondrites,Eucrite-an,223,Found,2006-01-01,18.3115,54.12833,"(18.311500, 54.128330)"
Dhofar 855,7601,Valid,Stony,Ordinary,LL4,196,Found,2001-01-01,18.31167,54.145,"(18.311670, 54.145000)"
Dhofar 019,6718,Valid,Stony,Achondrites,Martian (shergottite),1056,Found,2000-01-01,18.315,54.14833,"(18.315000, 54.148330)"
Dhofar 149,6934,Valid,Stony,Ordinary,L4,216,Found,2000-01-01,18.3165,54.31933,"(18.316500, 54.319330)"
Dhofar 1291,34507,Valid,Stony,Ordinary,H3.9,66,Found,2001-01-01,18.31667,54.14667,"(18.316670, 54.146670)"
Dhofar 536,7297,Valid,Stony,Ordinary,H5,5,Found,2001-01-01,18.31667,54.14833,"(18.316670, 54.148330)"
Dhofar 755,7501,Valid,Stony,Ordinary,L6,547,Found,2000-01-01,18.31667,54.23578,"(18.316670, 54.235780)"
Dhofar 1674,56164,Valid,Stony,Achondrites,Martian (shergottite),49.2,Found,2010-01-01,18.317,54.202,"(18.317000, 54.202000)"
Dhofar 1596,52602,Valid,Stony,Ordinary,H5-melt breccia,110,Found,2004-01-01,18.32117,54.1995,"(18.321170, 54.199500)"
Dhofar 148,6933,Valid,Stony,Ordinary,L6,5432,Found,2000-01-01,18.32167,54.481,"(18.321670, 54.481000)"
Dhofar 1668,55603,Valid,Stony,Achondrites,Martian (shergottite),6.1,Found,2011-01-01,18.322,54.148,"(18.322000, 54.148000)"
Dhofar 267,7050,Valid,Stony,Ordinary,H5,1910,Found,2000-01-01,18.32667,54.21833,"(18.326670, 54.218330)"
Dhofar 342,7125,Valid,Stony,Ordinary,H5,58,Found,2001-01-01,18.32833,54.035,"(18.328330, 54.035000)"
Dhofar 270,7053,Valid,Stony,Ordinary,LL5-6,50,Found,2001-01-01,18.32833,54.15167,"(18.328330, 54.151670)"
Dhofar 507,7268,Valid,Stony,Ordinary,H5,288,Found,2000-01-01,18.32833,54.19333,"(18.328330, 54.193330)"
Dhofar 091,6790,Valid,Stony,Ordinary,H5,946,Found,1999-01-01,18.32967,54.4805,"(18.329670, 54.480500)"
Dhofar 1039,6842,Valid,Stony,Ordinary,H6,296,Found,2000-01-01,18.33045,54.5268,"(18.330450, 54.526800)"
Dhofar 135,6920,Valid,Stony,Ordinary,H4,1495,Found,2000-01-01,18.33233,54.2615,"(18.332330, 54.261500)"
Dhofar 289,7072,Valid,Stony,Ordinary,H6,1180,Found,2001-01-01,18.33333,54.19333,"(18.333330, 54.193330)"
Dhofar 541,7302,Valid,Stony,Ordinary,H4,1233.3,Found,2000-01-01,18.33433,54.18067,"(18.334330, 54.180670)"
Dhofar 1656,55574,Valid,Stony,Ordinary,L6,420,Found,2011-01-01,18.3347,54.4026,"(18.334700, 54.402600)"
Dhofar 007,6706,Valid,Stony,Achondrites,Eucrite-cm,21270,Found,1999-01-01,18.335,54.18167,"(18.335000, 54.181670)"
Dhofar 513,7274,Valid,Stony,Ordinary,H5,434,Found,2000-01-01,18.335,54.2,"(18.335000, 54.200000)"
Dhofar 140,6925,Valid,Stony,Ordinary,L5,3170,Found,2000-01-01,18.33583,54.512,"(18.335830, 54.512000)"
Dhofar 322,7105,Valid,Stony,Ordinary,H5,658,Found,2000-01-01,18.33667,54.22167,"(18.336670, 54.221670)"
Dhofar 139,6924,Valid,Stony,Ordinary,L6,1815,Found,2000-01-01,18.33767,54.45217,"(18.337670, 54.452170)"
Dhofar 010,6709,Valid,Stony,Ordinary,H6,3527.6,Found,1999-01-01,18.33833,54.19833,"(18.338330, 54.198330)"
Dhofar 1440,48542,Valid,Stony,Achondrites,Eucrite-pmict,30,Found,2003-01-01,18.33833,54.205,"(18.338330, 54.205000)"
Dhofar 1514,53878,Valid,Stony,No Class,R3.6,1749,Found,2008-01-01,18.33861,54.38944,"(18.338610, 54.389440)"
Dhofar 008,6707,Valid,Stony,Ordinary,L3.3,2200,Found,1999-01-01,18.34167,54.18833,"(18.341670, 54.188330)"
Dhofar 189,6973,Valid,Stony,Ordinary,H3.8,120,Found,2000-01-01,18.34167,54.195,"(18.341670, 54.195000)"
Dhofar 846,7592,Valid,Stony,Ordinary,H6,156,Found,2001-01-01,18.34333,54.09333,"(18.343330, 54.093330)"
Dhofar 146,6931,Valid,Stony,Ordinary,L6,8795,Found,2000-01-01,18.34367,54.41567,"(18.343670, 54.415670)"
Dhofar 1306,34522,Valid,Stony,Ordinary,L4,104,Found,2004-01-01,18.34495,54.25875,"(18.344950, 54.258750)"
Dhofar 708,7464,Valid,Stony,Ordinary,H3,209,Found,2001-01-01,18.345,54.175,"(18.345000, 54.175000)"
Dhofar 343,7126,Valid,Stony,Ordinary,H5,62,Found,2001-01-01,18.345,54.19667,"(18.345000, 54.196670)"
Dhofar 011,6710,Valid,Stony,Ordinary,LL7,150,Found,1999-01-01,18.345,54.19833,"(18.345000, 54.198330)"
Dhofar 263,7046,Valid,Stony,Ordinary,LL6,1698.1,Found,2001-01-01,18.34583,54.40067,"(18.345830, 54.400670)"
Dhofar 264,7047,Valid,Stony,Ordinary,L6,474.4,Found,2001-01-01,18.347,54.4155,"(18.347000, 54.415500)"
Dhofar 321,7104,Valid,Stony,Ordinary,H4,594,Found,2001-01-01,18.34833,54.28667,"(18.348330, 54.286670)"
Dhofar 277,7060,Valid,Stony,Ordinary,L6,1930,Found,2001-01-01,18.34833,54.33667,"(18.348330, 54.336670)"
Dhofar 836,7582,Valid,Stony,Primitive Achondrites,Ureilite,995,Found,2000-01-01,18.34867,54.214,"(18.348670, 54.214000)"
Dhofar 1462,55271,Valid,Stony,Ordinary,L~4,400.8,Found,2008-01-01,18.34955,54.25013,"(18.349550, 54.250130)"
Dhofar 501,7262,Valid,Stony,Ordinary,H4,104,Found,2000-01-01,18.35,54.195,"(18.350000, 54.195000)"
Dhofar 1533,52402,Valid,Stony,Ordinary,LL5,341,Found,2006-01-01,18.35117,54.532,"(18.351170, 54.532000)"
Dhofar 1523,54476,Valid,Stony,Ordinary,L4,234,Found,2008-01-01,18.35167,54.24056,"(18.351670, 54.240560)"
Dhofar 947,30527,Valid,Stony,Ordinary,L5-6,170,Found,2002-01-01,18.35333,54.235,"(18.353330, 54.235000)"
Dhofar 1434,48539,Valid,Stony,Carbonaceous,CM-an,42,Found,2007-01-01,18.35675,54.02592,"(18.356750, 54.025920)"
Forrest 018,10141,Valid,Stony,Ordinary,H6,54.41,Found,1992-01-01,-30.16667,128.08333,"(-30.166670, 128.083330)"
Deakin 007,6631,Valid,Stony,Ordinary,H6,1060,Found,1989-01-01,-30.16667,128.66667,"(-30.166670, 128.666670)"
Beni Semguine,5019,Valid,Stony,Ordinary,H5-an,18,Found,1998-01-01,30.16667,-5.66667,"(30.166670, -5.666670)"
Hughes 019,11943,Valid,Stony,Ordinary,H5,90.5,Found,1991-01-01,-30.16833,129.04183,"(-30.168330, 129.041830)"
Hughes 032,11956,Valid,Stony,Ordinary,L5,42.7,Found,1991-01-01,-30.16833,129.5,"(-30.168330, 129.500000)"
Cook 010,5429,Valid,Stony,Ordinary,H5,35.4,Found,1991-01-01,-30.16967,130.70533,"(-30.169670, 130.705330)"
Hughes 031,11955,Valid,Stony,Ordinary,L4,120,Found,1991-01-01,-30.17306,129.53611,"(-30.173060, 129.536110)"
Forrest 017,10140,Valid,Stony,Ordinary,H4,4.6,Found,1992-01-01,-30.17417,128.069,"(-30.174170, 128.069000)"
Oued el Hadjar,18050,Valid,Stony,Ordinary,LL6,1215.5,Fell,1986-01-01,30.18,-6.57717,"(30.180000, -6.577170)"
Deelfontein,6636,Valid,Iron,Primitive Achondrites,"Iron, IAB-MG",28000,Found,1932-01-01,-30.18333,23.26667,"(-30.183330, 23.266670)"
Camel Donga 038,5241,Valid,Stony,Ordinary,H6,0.99,Found,1994-01-01,-30.18417,126.7,"(-30.184170, 126.700000)"
Camel Donga 037,5240,Valid,Stony,Ordinary,L6,8.7,Found,1994-01-01,-30.1845,126.68367,"(-30.184500, 126.683670)"
La Ci�nega,51052,Valid,Stony,Ordinary,H6,7632,Found,2007-01-01,30.20186,-111.93587,"(30.201860, -111.935870)"
Hammadah al Hamra 216,11699,Valid,Stony,Ordinary,H5,333,Found,1997-01-01,30.20817,12.93733,"(30.208170, 12.937330)"
Hughes 022,11946,Valid,Stony,Ordinary,L5/6,104,Found,1991-01-01,-30.21583,129.72083,"(-30.215830, 129.720830)"
Hughes 011,11935,Valid,Stony,Ordinary,L4,263,Found,1991-01-01,-30.23333,129.08333,"(-30.233330, 129.083330)"
Hughes 003,11927,Valid,Stony,Ordinary,H5,3200,Found,,-30.23333,129.4,"(-30.233330, 129.400000)"
Cook 011,5430,Valid,Stony,Ordinary,L3-5,471,Found,1991-01-01,-30.23433,130.60067,"(-30.234330, 130.600670)"
Cook 005,5425,Valid,Stony,Ordinary,L/LL3,97,Found,1990-01-01,-30.24833,130.54083,"(-30.248330, 130.540830)"
Cook 002,5422,Valid,Stony,Ordinary,L4,61,Found,1989-01-01,-30.25,130.66667,"(-30.250000, 130.666670)"
Hughes 010,11934,Valid,Stony,Ordinary,L6,71,Found,1991-01-01,-30.2635,129.81033,"(-30.263500, 129.810330)"
Hughes 020,11944,Valid,Stony,Ordinary,L6,23.6,Found,1991-01-01,-30.27467,129.0185,"(-30.274670, 129.018500)"
Camel Donga 005,5208,Valid,Stony,Ordinary,LL3.4,38,Found,1992-01-01,-30.28333,126.51667,"(-30.283330, 126.516670)"
Hughes 034,11958,Valid,Stony,Ordinary,H5,150.6,Found,1993-01-01,-30.28333,129.53333,"(-30.283330, 129.533330)"
Hughes 012,11936,Valid,Stony,Ordinary,H5,25,Found,1991-01-01,-30.28333,129.56667,"(-30.283330, 129.566670)"
Dorrigo,7720,Valid,Iron,Achondrites,"Iron, ungrouped",8500,Found,1948-01-01,-30.28333,152.66667,"(-30.283330, 152.666670)"
Camel Donga 006,5209,Valid,Stony,Ordinary,H6,50.96,Found,1992-01-01,-30.29167,126.5875,"(-30.291670, 126.587500)"
Enshi,10038,Valid,Stony,Ordinary,H5,8000,Fell,1974-01-01,30.3,109.5,"(30.300000, 109.500000)"
Maralinga,15412,Valid,Stony,Carbonaceous,CK4-an,3388,Found,1974-01-01,-30.3,131.26667,"(-30.300000, 131.266670)"
Camel Donga 051,50988,Valid,Stony,Ordinary,H5,5,Found,1993-01-01,-30.30883,126.5845,"(-30.308830, 126.584500)"
Grayton,11177,Valid,Stony,Ordinary,H5,11300,Found,1983-01-01,30.31167,-86.16667,"(30.311670, -86.166670)"
Camel Donga 004,5207,Valid,Stony,Achondrites,Howardite,32.8,Found,1990-01-01,-30.31667,126.56667,"(-30.316670, 126.566670)"
Camel Donga 039,5242,Valid,Stony,Ordinary,H6,3.57,Found,1994-01-01,-30.31667,126.6,"(-30.316670, 126.600000)"
Camel Donga 053,55717,Valid,Stony,Ordinary,LL5-6,579,Found,2008-01-01,-30.31667,126.61667,"(-30.316670, 126.616670)"
Camel Donga 040,5243,Valid,Stony,Carbonaceous,CV3-an,55.1,Found,1988-01-01,-30.31667,126.61667,"(-30.316670, 126.616670)"
Camel Donga 007,5210,Valid,Stony,Ordinary,L5,100.3,Found,1986-01-01,-30.31667,126.61667,"(-30.316670, 126.616670)"
Camel Donga,5204,Valid,Stony,Achondrites,Eucrite-mmict,25000,Found,1984-01-01,-30.31667,126.61667,"(-30.316670, 126.616670)"
Hughes 044,11968,Valid,Stony,Ordinary,L5/6,98.5,Found,1993-01-01,-30.31667,129.68333,"(-30.316670, 129.683330)"
Hughes 047,11971,Valid,Stony,Ordinary,H5/6,1100,Found,1993-01-01,-30.31667,129.73333,"(-30.316670, 129.733330)"
Cook 003,5423,Valid,Stony,Carbonaceous,CK4,1536.9,Found,1986-01-01,-30.31833,129.06333,"(-30.318330, 129.063330)"
Camel Donga 047,50980,Valid,Stony,Ordinary,H4/5,28.27,Found,1993-01-01,-30.32,126.606,"(-30.320000, 126.606000)"
Camel Donga 048,50981,Valid,Stony,Ordinary,L5,104.3,Found,1993-01-01,-30.32,126.606,"(-30.320000, 126.606000)"
Camel Donga 049,50982,Valid,Stony,Ordinary,H3,13.63,Found,1993-01-01,-30.32,126.606,"(-30.320000, 126.606000)"
Johnny's Donga,12196,Valid,Unknown,Unclassified,Unknown,,Found,1965-01-01,-30.33333,126.36667,"(-30.333330, 126.366670)"
Hughes 035,11959,Valid,Stony,Ordinary,L6,23,Found,1993-01-01,-30.33333,129.5,"(-30.333330, 129.500000)"
Hughes 045,11969,Valid,Stony,Ordinary,L4,25.6,Found,1993-01-01,-30.33333,129.68333,"(-30.333330, 129.683330)"
Hughes 048,11972,Valid,Stony,Ordinary,H5,46,Found,1993-01-01,-30.33333,129.76667,"(-30.333330, 129.766670)"
Hughes 050,11974,Valid,Stony,Ordinary,H5,47.4,Found,1993-01-01,-30.33333,129.8,"(-30.333330, 129.800000)"
Cook 001,5421,Valid,Stony,Ordinary,H5,105000,Found,1989-01-01,-30.33333,130.53333,"(-30.333330, 130.533330)"
Hughes 043,11967,Valid,Stony,Ordinary,L6,47.4,Found,1993-01-01,-30.35,129.65,"(-30.350000, 129.650000)"
Hughes 036,11960,Valid,Stony,Ordinary,H4,35.9,Found,1993-01-01,-30.35,129.66667,"(-30.350000, 129.666670)"
Ben Kesbes 001,5010,Valid,Stony,Ordinary,H5,177,Found,1991-01-01,30.36194,5.30083,"(30.361940, 5.300830)"
Credo,5468,Valid,Stony,Ordinary,L6,10820,Found,1967-01-01,-30.36667,120.73333,"(-30.366670, 120.733330)"
Camel Donga 052,50989,Valid,Stony,Ordinary,H3-an,61.4,Found,1993-01-01,-30.3685,126.6125,"(-30.368500, 126.612500)"
Hughes 040,11964,Valid,Stony,Ordinary,L5,159.1,Found,1993-01-01,-30.38333,129.51667,"(-30.383330, 129.516670)"
Hughes 038,11962,Valid,Stony,Ordinary,LL6,10,Found,1993-01-01,-30.38333,129.68333,"(-30.383330, 129.683330)"
Hughes 039,11963,Valid,Stony,Ordinary,LL5,8.5,Found,1993-01-01,-30.38333,129.7,"(-30.383330, 129.700000)"
Hughes 049,11973,Valid,Stony,Ordinary,L6,33.6,Found,1993-01-01,-30.38333,129.81667,"(-30.383330, 129.816670)"
Crab Hole,5460,Valid,Stony,Ordinary,L6,284,Found,1980-01-01,-30.4,127.43333,"(-30.400000, 127.433330)"
Hughes 008,11932,Valid,Stony,Ordinary,L5,44,Found,1989-01-01,-30.4,129.01667,"(-30.400000, 129.016670)"
Banswal,4937,Valid,Stony,Ordinary,L5,14,Fell,1913-01-01,30.4,78.2,"(30.400000, 78.200000)"
Hughes 029,11953,Valid,Stony,Ordinary,H5,74,Found,1993-01-01,-30.40817,129.33833,"(-30.408170, 129.338330)"
Hughes 037,11961,Valid,Stony,Ordinary,H5,28.5,Found,1994-01-01,-30.41667,129.65,"(-30.416670, 129.650000)"
Hughes 009,11933,Valid,Stony,Primitive Achondrites,Ureilite,108,Found,1991-01-01,-30.41667,129.81667,"(-30.416670, 129.816670)"
Kimble County,12311,Valid,Stony,Ordinary,H6,153800,Found,1918-01-01,30.41667,-99.4,"(30.416670, -99.400000)"
Dingo Pup Donga,7647,Valid,Stony,Primitive Achondrites,Ureilite,122.7,Found,1965-01-01,-30.43333,126.1,"(-30.433330, 126.100000)"
Hughes 058,11982,Valid,Stony,Ordinary,H6,37.2,Found,1993-01-01,-30.43333,129.5,"(-30.433330, 129.500000)"
Hughes 042,11966,Valid,Stony,Ordinary,H4,39,Found,1993-01-01,-30.43333,129.55,"(-30.433330, 129.550000)"
Hughes 041,11965,Valid,Stony,Ordinary,LL6,14,Found,1993-01-01,-30.43333,129.6,"(-30.433330, 129.600000)"
Hughes 051,11975,Valid,Stony,Ordinary,H3,12.8,Found,1993-01-01,-30.43333,129.76667,"(-30.433330, 129.766670)"
De�n Funes,6635,Valid,Stony,Ordinary,H5,9260,Found,1977-01-01,-30.43333,-64.2,"(-30.433330, -64.200000)"
Fenbark,10085,Valid,Stony,Ordinary,H5,1861,Found,1968-01-01,-30.44028,121.25694,"(-30.440280, 121.256940)"
Coorara,5439,Valid,Stony,Ordinary,L6,116.7,Found,1966-01-01,-30.45,126.1,"(-30.450000, 126.100000)"
Hughes 001,11925,Valid,Stony,Ordinary,LL6,379,Found,1990-01-01,-30.45,129.5,"(-30.450000, 129.500000)"
Forrest 005,10128,Valid,Stony,Ordinary,H4,36,Found,1970-01-01,-30.45833,128.21667,"(-30.458330, 128.216670)"
Kinclaven 001,12313,Valid,Stony,Ordinary,L5,17.3,Found,1973-01-01,-30.46667,125.7,"(-30.466670, 125.700000)"
Gunnadorah 002,11455,Valid,Stony,Ordinary,L5,46,Found,1976-01-01,-30.46667,126.18333,"(-30.466670, 126.183330)"
Gunnadorah 010,11463,Valid,Stony,Ordinary,H5,1.3,Found,1994-01-01,-30.46667,126.33333,"(-30.466670, 126.333330)"
Forrest 004,10127,Valid,Stony,Ordinary,L6,64,Found,1970-01-01,-30.46667,128.2,"(-30.466670, 128.200000)"
Hughes 057,11981,Valid,Stony,Ordinary,L5,74.3,Found,1993-01-01,-30.46667,129.68333,"(-30.466670, 129.683330)"
Hughes 052,11976,Valid,Stony,Ordinary,L5,458.3,Found,1993-01-01,-30.46667,129.71667,"(-30.466670, 129.716670)"
Hughes 053,11977,Valid,Stony,Ordinary,L5,68.9,Found,1993-01-01,-30.46667,129.78333,"(-30.466670, 129.783330)"
Hughes 054,11978,Valid,Stony,Ordinary,L5,311.2,Found,1993-01-01,-30.46667,129.8,"(-30.466670, 129.800000)"
Hughes 055,11979,Valid,Stony,Ordinary,L5,664.4,Found,1993-01-01,-30.46667,129.8,"(-30.466670, 129.800000)"
Gunnadorah 004,11457,Valid,Stony,Ordinary,H5,47.35,Found,1994-01-01,-30.46717,126.34367,"(-30.467170, 126.343670)"
Deakin 004,6628,Valid,Stony,Ordinary,H4,127.9,Found,1986-01-01,-30.47,128.745,"(-30.470000, 128.745000)"
Gunnadorah 005,11458,Valid,Stony,Ordinary,L6,40.37,Found,1994-01-01,-30.47483,126.35883,"(-30.474830, 126.358830)"
Gunnadorah 006,11459,Valid,Stony,Ordinary,L6,16.01,Found,1994-01-01,-30.47483,126.35883,"(-30.474830, 126.358830)"
Gunnadorah 007,11460,Valid,Stony,Ordinary,L6,3.26,Found,1994-01-01,-30.48033,126.347,"(-30.480330, 126.347000)"
Gunnadorah 008,11461,Valid,Stony,Ordinary,H6,6.13,Found,1994-01-01,-30.48083,126.34633,"(-30.480830, 126.346330)"
Gunnadorah 009,11462,Valid,Stony,Ordinary,H6,0.4,Found,1994-01-01,-30.48083,126.34633,"(-30.480830, 126.346330)"
Hughes 056,11980,Valid,Stony,Ordinary,L5,186.8,Found,1993-01-01,-30.48333,129.63333,"(-30.483330, 129.633330)"
Gunnadorah 003,11456,Valid,Stony,Ordinary,L6,2.81,Found,1994-01-01,-30.49967,126.22183,"(-30.499670, 126.221830)"
Junction,12212,Valid,Stony,Ordinary,L5,241,Found,1932-01-01,30.5,-99.83333,"(30.500000, -99.833330)"
Gheriat 002,10910,Valid,Stony,Ordinary,L6,1125,Found,1990-01-01,30.50667,12.215,"(30.506670, 12.215000)"
Cook 006,5426,Valid,Stony,Ordinary,L4,41.8,Found,1991-01-01,-30.50683,130.404,"(-30.506830, 130.404000)"
Cook 009,5428,Valid,Stony,Ordinary,H4,84.2,Found,1991-01-01,-30.50683,130.404,"(-30.506830, 130.404000)"
Greenwell Springs,11195,Valid,Stony,Ordinary,LL4,664,Found,1987-01-01,30.51528,-91.01222,"(30.515280, -91.012220)"
Hughes 015,11939,Valid,Stony,Ordinary,L3.8,31.2,Found,1991-01-01,-30.51667,129.192,"(-30.516670, 129.192000)"
Hughes 014,11938,Valid,Stony,Ordinary,L5/6,57.5,Found,1991-01-01,-30.51867,129.54017,"(-30.518670, 129.540170)"
Llano River,53635,Valid,Iron,Achondrites,"Iron, IIIAB",4318,Found,1975-01-01,30.52213,-99.73698,"(30.522130, -99.736980)"
Deakin 005,6629,Valid,Stony,Ordinary,H5,77,Found,1989-01-01,-30.53333,128.56667,"(-30.533330, 128.566670)"
Lake Labyrinth,12444,Valid,Stony,Ordinary,LL6,25850,Found,1924-01-01,-30.53333,134.75,"(-30.533330, 134.750000)"
Hughes 024,11948,Valid,Stony,Ordinary,L5,333,Found,1991-01-01,-30.53367,129.42417,"(-30.533670, 129.424170)"
Loongana 003,14701,Valid,Stony,Ordinary,L5,58,Found,1990-01-01,-30.53583,127.33967,"(-30.535830, 127.339670)"
Hammadah al Hamra 338,35517,Valid,Stony,Ordinary,H5,752.5,Found,2003-01-01,30.545,13.58194,"(30.545000, 13.581940)"
Hughes 016,11940,Valid,Stony,Ordinary,L6,58,Found,1991-01-01,-30.547,129.18917,"(-30.547000, 129.189170)"
Hughes 046,11970,Valid,Stony,Ordinary,H5,96.9,Found,1993-01-01,-30.55,129.65,"(-30.550000, 129.650000)"
Big Rock Donga,5044,Valid,Stony,Ordinary,H6,19000,Found,1970-01-01,-30.55,130.96667,"(-30.550000, 130.966670)"
Agoult,395,Valid,Stony,Achondrites,Eucrite,82,Found,2000-01-01,30.55,-4.9,"(30.550000, -4.900000)"
Hughes 017,11941,Valid,Stony,Ordinary,H6,138,Found,1991-01-01,-30.55167,129.22133,"(-30.551670, 129.221330)"
Hughes 027,11951,Valid,Stony,Ordinary,H5,68,Found,1993-01-01,-30.55667,129.63867,"(-30.556670, 129.638670)"
Hughes 002,11926,Valid,Stony,Ordinary,L6,1074,Found,,-30.56667,129.63333,"(-30.566670, 129.633330)"
Hughes 018,11942,Valid,Stony,Ordinary,H5/6,53.5,Found,1991-01-01,-30.568,129.713,"(-30.568000, 129.713000)"
Hughes 007,11931,Valid,Stony,Primitive Achondrites,Ureilite,58,Found,1991-01-01,-30.56833,129.6375,"(-30.568330, 129.637500)"
Hughes 006,11930,Valid,Stony,Ordinary,H5,367,Found,1991-01-01,-30.57,129.31467,"(-30.570000, 129.314670)"
Deakin 010,55718,Valid,Stony,Achondrites,Eucrite-mmict,438,Found,1988-01-01,-30.573,128.56367,"(-30.573000, 128.563670)"
Deakin 006,6630,Valid,Stony,Ordinary,H4/5,274,Found,1989-01-01,-30.58333,128.66667,"(-30.583330, 128.666670)"
Britstown,5144,Valid,Iron,Primitive Achondrites,"Iron, IAB-ung",544,Found,1910-01-01,-30.58333,23.55,"(-30.583330, 23.550000)"
Hughes 004,11928,Valid,Stony,Achondrites,Howardite,304,Found,1991-01-01,-30.58517,129.58667,"(-30.585170, 129.586670)"
Denman 001,6651,Valid,Stony,Ordinary,L5,,Found,1991-01-01,-30.59694,130.08694,"(-30.596940, 130.086940)"
Loongana 001,14699,Valid,Stony,Carbonaceous,C4-ung,179,Found,1990-01-01,-30.6,127.16667,"(-30.600000, 127.166670)"
Denman 002,6652,Valid,Stony,Carbonaceous,CV3,30,Found,1991-01-01,-30.6,130.06667,"(-30.600000, 130.066670)"
Leander,12753,Valid,Stony,Ordinary,L4,760,Found,1940-01-01,30.6,-97.9,"(30.600000, -97.900000)"
Denman 004,6654,Valid,Stony,Ordinary,L6,113,Found,1991-01-01,-30.60217,129.96667,"(-30.602170, 129.966670)"
Hughes 005,11929,Valid,Stony,Achondrites,Howardite,284,Found,1991-01-01,-30.60267,129.57528,"(-30.602670, 129.575280)"
Frenchman Bay,10182,Valid,Stony,Ordinary,H3.5,8800,Found,1964-01-01,-30.60833,115.16667,"(-30.608330, 115.166670)"
Denman 003,6653,Valid,Stony,Ordinary,H5,53,Found,1991-01-01,-30.60867,130.08017,"(-30.608670, 130.080170)"
Hughes 028,11952,Valid,Stony,Ordinary,H6,62,Found,1993-01-01,-30.60883,129.62567,"(-30.608830, 129.625670)"
Cook 007,5427,Valid,Stony,Ordinary,H4,100000,Found,1989-01-01,-30.61667,130.41667,"(-30.616670, 130.416670)"
Jonah,12200,Valid,Stony,Ordinary,H5,1304,Found,1963-01-01,30.625,-97.53333,"(30.625000, -97.533330)"
Forrest 006,10129,Valid,Stony,Ordinary,L6,47.3,Found,1977-01-01,-30.63333,128.125,"(-30.633330, 128.125000)"
El Simbolar,7818,Valid,Iron,Achondrites,Iron,40000,Found,1938-01-01,-30.63333,-64.88333,"(-30.633330, -64.883330)"
Gheriat 001,10909,Valid,Stony,Ordinary,H5,20.8,Found,1990-01-01,30.65833,12.30667,"(30.658330, 12.306670)"
Hughes 013,11937,Valid,Stony,Ordinary,H5,4000,Found,1991-01-01,-30.66167,129.11667,"(-30.661670, 129.116670)"
Deakin 008,6632,Valid,Stony,Ordinary,H5,61.4,Found,1989-01-01,-30.66667,129.01667,"(-30.666670, 129.016670)"
Alnif,2282,Valid,Stony,Ordinary,H5,8000,Found,1992-01-01,30.66667,-5.16667,"(30.666670, -5.166670)"
Hughes 021,11945,Valid,Stony,Ordinary,L3.6,159.9,Found,1991-01-01,-30.668,129.462,"(-30.668000, 129.462000)"
Hughes 030,11954,Valid,Stony,No Class,R3-6,100,Found,1991-01-01,-30.668,129.462,"(-30.668000, 129.462000)"
Ahumada,419,Valid,Stony-Iron,Achondrites,"Pallasite, PMG",52600,Found,1909-01-01,30.7,-105.5,"(30.700000, -105.500000)"
Plantersville,18846,Valid,Stony,Ordinary,H6,2085,Fell,1930-01-01,30.7,-96.11667,"(30.700000, -96.116670)"
Hughes 025,11949,Valid,Stony,Ordinary,L5,172,Found,1991-01-01,-30.70117,129.46717,"(-30.701170, 129.467170)"
Cook 004,5424,Valid,Stony,Ordinary,H4,149,Found,1991-01-01,-30.70167,130.45611,"(-30.701670, 130.456110)"
Al Alamayn,35484,Valid,Stony,Ordinary,H5,13.31,Found,2005-01-01,30.70952,28.9698,"(30.709520, 28.969800)"
Lake Frome 001,12438,Valid,Stony,Ordinary,H5,32.5,Found,1992-01-01,-30.71061,140.15142,"(-30.710610, 140.151420)"
Lake Frome 002,12439,Valid,Stony,Ordinary,H5,201,Found,1992-01-01,-30.71061,140.15142,"(-30.710610, 140.151420)"
Lake Frome 003,12440,Valid,Stony,Ordinary,H6,5,Found,1992-01-01,-30.71061,140.15142,"(-30.710610, 140.151420)"
Lake Frome 004,12441,Valid,Stony,Ordinary,H6,107,Found,1992-01-01,-30.71061,140.15142,"(-30.710610, 140.151420)"
Lake Frome 005,12442,Valid,Stony,Ordinary,L5,54,Found,1992-01-01,-30.71061,140.15142,"(-30.710610, 140.151420)"
Forrest 032,10155,Valid,Stony,Ordinary,L6/7,1.38,Found,1992-01-01,-30.71667,127.93333,"(-30.716670, 127.933330)"
Forrest 030,10153,Valid,Stony,Ordinary,L6/7,77.68,Found,1992-01-01,-30.731,127.93917,"(-30.731000, 127.939170)"
Kulak,12369,Valid,Stony,Ordinary,L5,453.6,Fell,1961-01-01,30.73111,66.80222,"(30.731110, 66.802220)"
Forrest 029,10152,Valid,Stony,Ordinary,H3-5,6,Found,1992-01-01,-30.7315,127.93917,"(-30.731500, 127.939170)"
Forrest 028,10151,Valid,Stony,Ordinary,L7,48.7,Found,1992-01-01,-30.73233,127.949,"(-30.732330, 127.949000)"
Deakin 009,6633,Valid,Stony,Ordinary,H5,150,Found,1991-01-01,-30.73333,128.91667,"(-30.733330, 128.916670)"
Forrest 020,10143,Valid,Stony,Ordinary,L5/6,6.99,Found,1992-01-01,-30.73783,127.95367,"(-30.737830, 127.953670)"
Forrest 031,10154,Valid,Stony,Ordinary,H4,0.83,Found,1992-01-01,-30.73783,127.95367,"(-30.737830, 127.953670)"
Davis Mountains,6615,Valid,Iron,Achondrites,"Iron, IIIAB",689000,Found,1903-01-01,30.75,-104.25,"(30.750000, -104.250000)"
Bencubbin,5014,Valid,Stony,Carbonaceous,CBa,118000,Found,1930-01-01,-30.75,117.78333,"(-30.750000, 117.783330)"
Forrest 008,10131,Valid,Stony,Ordinary,L6,122.6,Found,1979-01-01,-30.75,127.99167,"(-30.750000, 127.991670)"
Forrest 033,10156,Valid,Stony,Enstatite,EL6,31.3,Found,1991-01-01,-30.75,128.08333,"(-30.750000, 128.083330)"
Forrest 034,10157,Valid,Stony,Ordinary,L6,99,Found,1991-01-01,-30.75,128.08333,"(-30.750000, 128.083330)"
Forrest 035,10158,Valid,Stony,Ordinary,L6,166,Found,1991-01-01,-30.75,128.08333,"(-30.750000, 128.083330)"
Forrest 036,10159,Valid,Stony,Ordinary,H6,57,Found,1991-01-01,-30.75,128.08333,"(-30.750000, 128.083330)"
Forrest 037,10160,Valid,Stony,Ordinary,H4,10,Found,1991-01-01,-30.75,128.08333,"(-30.750000, 128.083330)"
Cruz del Eje,51739,Valid,Iron,Primitive Achondrites,"Iron, IAB complex",14000,Found,1971-01-01,-30.75,-64.78333,"(-30.750000, -64.783330)"
Kirbyville,12321,Valid,Stony,Achondrites,Eucrite-mmict,97.7,Fell,1906-01-01,30.75,-95.95,"(30.750000, -95.950000)"
Forrest 025,10148,Valid,Stony,Ordinary,L5,8.11,Found,1992-01-01,-30.756,127.93717,"(-30.756000, 127.937170)"
Forrest 026,10149,Valid,Stony,Ordinary,H5/6,64.11,Found,1992-01-01,-30.757,127.938,"(-30.757000, 127.938000)"
Forrest 021,10144,Valid,Stony,Ordinary,L6,59.7,Found,1992-01-01,-30.757,127.95167,"(-30.757000, 127.951670)"
Forrest 024,10147,Valid,Stony,Ordinary,LL6,16.23,Found,1992-01-01,-30.758,127.94783,"(-30.758000, 127.947830)"
Forrest 027,10150,Valid,Stony,Ordinary,L5/6,14.41,Found,1992-01-01,-30.75967,127.94983,"(-30.759670, 127.949830)"
Forrest 022,10145,Valid,Stony,Ordinary,L5,7.46,Found,1992-01-01,-30.77283,127.94667,"(-30.772830, 127.946670)"
Forrest 023,10146,Valid,Stony,Ordinary,L4,7.67,Found,1992-01-01,-30.78167,127.94417,"(-30.781670, 127.944170)"
Barrilla,4952,Valid,Stony,Ordinary,H5,11100,Found,1994-01-01,30.78333,-103.46667,"(30.783330, -103.466670)"
Forrest 014,10137,Valid,Stony,Ordinary,H5,104,Found,1990-01-01,-30.78333,127.75,"(-30.783330, 127.750000)"
Forrest 015,10138,Valid,Stony,Ordinary,H4,82,Found,1990-01-01,-30.78333,127.8,"(-30.783330, 127.800000)"
Chajari,5316,Valid,Stony,Ordinary,L5,18300,Fell,1933-01-01,-30.78333,-58.05,"(-30.783330, -58.050000)"
Forrest 007,10130,Valid,Stony,Ordinary,H4,910,Found,1979-01-01,-30.785,128.01667,"(-30.785000, 128.016670)"
Lavras do Sul,52092,Valid,Stony,Ordinary,L5,1000,Found,1985-01-01,-30.8,-53.9,"(-30.800000, -53.900000)"
Forrest 001,10124,Valid,Stony,Ordinary,H5,97.7,Found,1967-01-01,-30.81667,128.21667,"(-30.816670, 128.216670)"
Bechar 001,4988,Valid,Stony,Ordinary,L6,39000,Found,1998-01-01,30.83333,-3.33333,"(30.833330, -3.333330)"
Bechar 002,4989,Valid,Stony,Ordinary,H6,12000,Found,1998-01-01,30.83333,-3.33333,"(30.833330, -3.333330)"
Bartlett,4953,Valid,Iron,Achondrites,"Iron, IIIAB",8590,Found,1938-01-01,30.83333,-97.5,"(30.833330, -97.500000)"
Florence,10111,Valid,Stony,Ordinary,H3,3640,Fell,1922-01-01,30.83333,-97.76667,"(30.833330, -97.766670)"
Avoca (Western Australia),4909,Valid,Iron,Achondrites,"Iron, IIIAB",37850,Found,1966-01-01,-30.85,122.31667,"(-30.850000, 122.316670)"
Ifould Lake 001,52649,Valid,Stony,Ordinary,L5,40.9,Found,2008-01-01,-30.85,132.08333,"(-30.850000, 132.083330)"
Aguila Blanca,417,Valid,Stony,Ordinary,L,1440,Fell,1920-01-01,-30.86667,-64.55,"(-30.866670, -64.550000)"
Deakin 003,6627,Valid,Stony,Ordinary,H5,82.6,Found,1986-01-01,-30.88333,128.66667,"(-30.883330, 128.666670)"
Deakin 001,6625,Valid,Stony,Carbonaceous,Chondrite-ung,109.5,Found,1978-01-01,-30.88333,128.96667,"(-30.883330, 128.966670)"
Deakin 002,6626,Valid,Stony,Ordinary,H4,4.5,Found,1978-01-01,-30.88333,128.975,"(-30.883330, 128.975000)"
Capilla del Monte,5264,Valid,Stony,Ordinary,H6,750,Fell,1934-01-01,-30.88333,-64.55,"(-30.883330, -64.550000)"
Forrest 003,10126,Valid,Stony,Ordinary,H3,74,Found,1970-01-01,-30.9,128.08333,"(-30.900000, 128.083330)"
Sinai,23606,Valid,Stony,Ordinary,L6,1455,Fell,1916-01-01,30.9,32.48333,"(30.900000, 32.483330)"
Cook 012,54926,Valid,Stony,Ordinary,H4,6.6,Found,2010-01-01,-30.91378,130.90386,"(-30.913780, 130.903860)"
Fort Stockton,10168,Valid,Iron,Achondrites,Iron,4762.8,Found,1952-01-01,30.91667,-103.06667,"(30.916670, -103.066670)"
Cook 013,54927,Valid,Stony,Ordinary,H6,46.8,Found,2010-01-01,-30.94775,130.90858,"(-30.947750, 130.908580)"
Gunnadorah 011,50994,Valid,Stony,Ordinary,L,33,Found,1993-01-01,-30.9685,126.252,"(-30.968500, 126.252000)"
Forrest 002,10125,Valid,Stony,Ordinary,L6,26000,Found,1980-01-01,-30.98333,127.88333,"(-30.983330, 127.883330)"
Lake Brown,12437,Valid,Stony,Ordinary,L6,23400,Found,1919-01-01,-31,118.5,"(-31.000000, 118.500000)"
Gunnadorah,11454,Valid,Stony,Ordinary,H5,19.7,Found,1968-01-01,-31,125.93333,"(-31.000000, 125.933330)"
Lynch 001,14763,Valid,Stony,Ordinary,L5-6,31.5,Found,1977-01-01,-31.01667,127.21667,"(-31.016670, 127.216670)"
Biduna Blowhole 001,52648,Valid,Stony,Ordinary,L4,103.4,Found,2009-01-01,-31.01667,131.31667,"(-31.016670, 131.316670)"
San Pedro de Quiles,23130,Valid,Stony,Ordinary,L6,282,Fell,1956-01-01,-31.01667,-71.4,"(-31.016670, -71.400000)"
Biduna Blowhole 003,54930,Valid,Stony,Ordinary,L6,0.4,Found,2011-01-01,-31.01964,131.30394,"(-31.019640, 131.303940)"
Biduna Blowhole 004,56590,Valid,Stony,Ordinary,H5,114.5,Found,2011-01-01,-31.03278,131.28553,"(-31.032780, 131.285530)"
Biduna Blowhole 002,54929,Valid,Stony,Ordinary,L4,13,Found,2011-01-01,-31.03297,131.28547,"(-31.032970, 131.285470)"
Lake Torrens,12447,Valid,Stony,Ordinary,L6,906,Found,1989-01-01,-31.03333,138.2,"(-31.033330, 138.200000)"
Brady,5129,Valid,Stony,Ordinary,L6,927,Found,1937-01-01,31.05,-99.46667,"(31.050000, -99.466670)"
Kharga,12290,Valid,Iron,Achondrites,"Iron, IVA",1040,Found,2000-01-01,31.1325,25.04717,"(31.132500, 25.047170)"
Boogaldi,5107,Valid,Iron,Achondrites,"Iron, IVA",2000,Found,1900-01-01,-31.15,149.11667,"(-31.150000, 149.116670)"
Bou Azarif,53812,Valid,Stony,Ordinary,H5,100000,Found,2010-01-01,31.15643,-5.15262,"(31.156430, -5.152620)"
Tamdakht,48691,Valid,Stony,Ordinary,H5,100000,Fell,2008-01-01,31.16333,-7.015,"(31.163330, -7.015000)"
Kybo 001,12387,Valid,Stony,Ordinary,LL5,2492.7,Found,1984-01-01,-31.18333,126.41667,"(-31.183330, 126.416670)"
Isthilart,12053,Valid,Stony,Ordinary,H5,3050,Fell,1928-01-01,-31.18333,-57.95,"(-31.183330, -57.950000)"
Commodore,5416,Valid,Stony,Ordinary,H6,304.3,Found,1972-01-01,-31.2,138.3,"(-31.200000, 138.300000)"
La Criolla,12396,Valid,Stony,Ordinary,L6,45000,Fell,1985-01-01,-31.23333,-58.16667,"(-31.233330, -58.166670)"
Molteno,16717,Valid,Stony,Achondrites,Howardite,150,Fell,1953-01-01,-31.25,26.46667,"(-31.250000, 26.466670)"
Richland Springs,22602,Valid,Stony,Ordinary,OC,1900,Fell,1980-01-01,31.25,-99.03333,"(31.250000, -99.033330)"
Mertzon,15490,Valid,Iron,Primitive Achondrites,"Iron, IAB-ung",3720,Found,1943-01-01,31.26667,-100.83333,"(31.266670, -100.833330)"
Brachina,5127,Valid,Stony,Primitive Achondrites,Brachinite,202.9,Found,1974-01-01,-31.3,138.38333,"(-31.300000, 138.383330)"
Nakhla,16898,Valid,Stony,Achondrites,Martian (nakhlite),10000,Fell,1911-01-01,31.31667,30.35,"(31.316670, 30.350000)"
Changxing,5323,Valid,Stony,Ordinary,H5,27900,Found,1964-01-01,31.33333,121.66667,"(31.333330, 121.666670)"
Enigma,10036,Valid,Stony,Ordinary,H4,94,Found,1967-01-01,31.33333,-82.31667,"(31.333330, -82.316670)"
Bunburra Rockhole,48653,Valid,Stony,Achondrites,Eucrite,324,Fell,2007-01-01,-31.35,129.19,"(-31.350000, 129.190000)"
Haig,11471,Valid,Iron,Achondrites,"Iron, IIIAB",503000,Found,1951-01-01,-31.38333,125.63333,"(-31.383330, 125.633330)"
Fife,30563,Valid,Stony,Ordinary,H5,8600,Found,2003-01-01,31.38972,-99.40583,"(31.389720, -99.405830)"
Lynch 002,55542,Valid,Stony,Achondrites,Lunar,36.54,Found,2010-01-01,-31.39953,127.14467,"(-31.399530, 127.144670)"
Po-wang Chen,18879,Valid,Stony,Ordinary,LL,665,Fell,1933-01-01,31.41667,118.5,"(31.416670, 118.500000)"
Arroyo Aguiar,2340,Valid,Stony,Ordinary,H5,7450,Fell,1950-01-01,-31.41667,-60.66667,"(-31.416670, -60.666670)"
Mereta,15488,Valid,Stony,Ordinary,H4,1417.5,Found,1941-01-01,31.42611,-100.13333,"(31.426110, -100.133330)"
Laundry West,12739,Valid,Stony,Ordinary,L4,4002,Found,1967-01-01,-31.46667,126.93333,"(-31.466670, 126.933330)"
Fuhe,52412,Valid,Stony,Ordinary,L5,23000,Fell,1945-01-01,31.47556,113.56694,"(31.475560, 113.566940)"
Bir Zar 001,48904,Valid,Stony,Ordinary,H6,627,Found,2008-01-01,31.481,9.84069,"(31.481000, 9.840690)"
Istifane 003,44893,Valid,Stony,Ordinary,L5,18.5,Found,2005-01-01,31.48583,-5.71712,"(31.485830, -5.717120)"
Binneringie,55546,Valid,Stony,Ordinary,H5,9056,Found,1946-01-01,-31.4875,122.12389,"(-31.487500, 122.123890)"
Istifane 002,44892,Valid,Stony,Ordinary,H5,40,Found,2005-01-01,31.49848,-5.7174,"(31.498480, -5.717400)"
Istifane 001,44891,Valid,Stony,Ordinary,H4,131.6,Found,2005-01-01,31.49852,-5.71742,"(31.498520, -5.717420)"
Bir Zar 003,48906,Valid,Stony,Ordinary,H3,39,Found,2008-01-01,31.49972,9.87722,"(31.499720, 9.877220)"
Istifane 004,44894,Valid,Stony,Ordinary,H5,10.8,Found,2006-01-01,31.50275,-5.71527,"(31.502750, -5.715270)"
Laundry Rockhole,12738,Valid,Stony,Ordinary,H5,1443,Found,1967-01-01,-31.53333,127.01667,"(-31.533330, 127.016670)"
Laundry East,12737,Valid,Stony,Ordinary,H3.7,43.1,Found,1967-01-01,-31.53333,127.1,"(-31.533330, 127.100000)"
El-Oued,47729,Valid,Stony,Ordinary,H4,2305,Found,1952-01-01,31.533333,8.883333,"(31.533333, 8.883333)"
Santa Lucia (2008),50909,Valid,Stony,Ordinary,L6,4000,Fell,2008-01-01,-31.535556,-68.489444,"(-31.535556, -68.489444)"
Karloowala,12263,Valid,Stony,Ordinary,L6,2950,Fell,1955-01-01,31.58333,71.6,"(31.583330, 71.600000)"
Hamilton (Texas),11484,Valid,Stony,Ordinary,OC,2700,Found,1965-01-01,31.59333,-98.25,"(31.593330, -98.250000)"
Arivaca,47346,Valid,Stony,Achondrites,Eucrite-mmict,30.1,Found,1999-01-01,31.59391,-111.37023,"(31.593910, -111.370230)"
Karee Kloof,12259,Valid,Iron,Primitive Achondrites,"Iron, IAB-sLL",92100,Found,1914-01-01,-31.6,25.8,"(-31.600000, 25.800000)"
Aguada,398,Valid,Stony,Ordinary,L6,1620,Fell,1930-01-01,-31.6,-65.23333,"(-31.600000, -65.233330)"
Kandahar (Afghanistan),12243,Valid,Stony,Ordinary,L6,299,Fell,1959-01-01,31.6,65.78333,"(31.600000, 65.783330)"
Monahans (1998),16719,Valid,Stony,Ordinary,H5,2587,Fell,1998-01-01,31.60833,-102.85833,"(31.608330, -102.858330)"
Fuzzy Creek,10841,Valid,Iron,Achondrites,"Iron, IVA",2700,Found,,31.61111,-99.90417,"(31.611110, -99.904170)"
Suizhou,23738,Valid,Stony,Ordinary,L6,260000,Fell,1986-01-01,31.61667,113.46667,"(31.616670, 113.466670)"
Baandee,4914,Valid,Stony,Ordinary,H6,256.3,Found,1967-01-01,-31.61667,118.03333,"(-31.616670, 118.033330)"
Baroti,4949,Valid,Stony,Ordinary,L6,4500,Fell,1910-01-01,31.61667,76.8,"(31.616670, 76.800000)"
Lishui,14659,Valid,Stony,Ordinary,L5,498,Fell,1978-01-01,31.63333,118.98333,"(31.633330, 118.983330)"
Axtell,4911,Valid,Stony,Carbonaceous,CV3,6200,Found,1943-01-01,31.66,-96.97167,"(31.660000, -96.971670)"
Eldee 002,47704,Valid,Stony,Ordinary,L6-melt breccia,101,Found,2006-01-01,-31.66417,141.23375,"(-31.664170, 141.233750)"
Dunbogan,7743,Valid,Stony,Ordinary,L6,30,Fell,1999-01-01,-31.66667,152.83333,"(-31.666670, 152.833330)"
Aoufous,2314,Valid,Stony,Achondrites,Eucrite-mmict,195,Found,2000-01-01,31.66667,-4.06667,"(31.666670, -4.066670)"
Bir Rebaa,5054,Valid,Stony,Ordinary,H6,7200,Found,1993-01-01,31.66667,8.41667,"(31.666670, 8.416670)"
Eldee 001,47703,Valid,Stony,Ordinary,L6,4514,Found,2006-01-01,-31.66997,141.24233,"(-31.669970, 141.242330)"
Cave Creek,5299,Valid,Stony,Ordinary,H4,1492,Found,1992-01-01,31.7045,-110.77917,"(31.704500, -110.779170)"
Hermitage Plains,11877,Valid,Stony,Ordinary,L6,32000,Found,1909-01-01,-31.73333,146.4,"(-31.733330, 146.400000)"
Fish Canyon,10106,Valid,Iron,Primitive Achondrites,"Iron, IAB complex",27.3,Found,1992-01-01,31.735,-110.75333,"(31.735000, -110.753330)"
Cranfills Gap,5464,Valid,Stony,Ordinary,H6,6000,Found,1940-01-01,31.75,-97.75,"(31.750000, -97.750000)"
Greaterville,11193,Valid,Stony,Ordinary,L4,48,Found,1995-01-01,31.76167,-110.75,"(31.761670, -110.750000)"
Ballinger,4930,Valid,Iron,Primitive Achondrites,"Iron, IAB-MG",1250,Found,1927-01-01,31.76667,-99.98333,"(31.766670, -99.983330)"
El Paso,7812,Valid,Stony,Ordinary,LL4,276,Found,1950-01-01,31.78333,-106.23333,"(31.783330, -106.233330)"
Atlanta,4886,Valid,Stony,Enstatite,EL6,5500,Found,1938-01-01,31.8,-92.75,"(31.800000, -92.750000)"
Ash Creek,48954,Valid,Stony,Ordinary,L6,9500,Fell,2009-01-01,31.805,-97.01,"(31.805000, -97.010000)"
Columbus,5411,Valid,Stony,Ordinary,H5,165,Found,1997-01-01,31.82967,-107.3945,"(31.829670, -107.394500)"
Broken Hill,5146,Valid,Stony,Ordinary,L6,34000,Found,1994-01-01,-31.83333,141.76667,"(-31.833330, 141.766670)"
Blanket,5071,Valid,Stony,Ordinary,L6,5100,Fell,1909-01-01,31.83333,-98.83333,"(31.833330, -98.833330)"
Bir Zar 004,48907,Valid,Stony,Ordinary,H6,19,Found,2008-01-01,31.87164,10.19361,"(31.871640, 10.193610)"
Distrito Quebracho,7649,Valid,Stony,Ordinary,H4,400,Fell,1957-01-01,-31.88333,-60.46667,"(-31.883330, -60.466670)"
Bir Zar 005,48908,Valid,Stony,Ordinary,H4,17,Found,2008-01-01,31.89689,10.19572,"(31.896890, 10.195720)"
Bir Zar 006,48909,Valid,Stony,Ordinary,H6,21,Found,2008-01-01,31.89831,10.19528,"(31.898310, 10.195280)"
Berduc,48975,Valid,Stony,Ordinary,L6,270,Fell,2008-01-01,-31.91,-58.32833,"(-31.910000, -58.328330)"
Jiange,12086,Valid,Stony,Ordinary,H5,222,Fell,1964-01-01,31.91667,104.91667,"(31.916670, 104.916670)"
Hueco Tanks,11923,Valid,Stony,Ordinary,L6,314,Found,1985-01-01,31.91667,-106.15,"(31.916670, -106.150000)"
Hueco Tanks (b),11924,Valid,Stony,Ordinary,H5,150,Found,1985-01-01,31.91667,-106.15,"(31.916670, -106.150000)"
Coyote Mountains,5459,Valid,Stony,Ordinary,H5,23.04,Found,1998-01-01,31.91667,-111.5,"(31.916670, -111.500000)"
Bir Zar 007,48910,Valid,Stony,Ordinary,L6,5.2,Found,2008-01-01,31.92181,10.1875,"(31.921810, 10.187500)"
Bir Zar 008,48911,Valid,Stony,Ordinary,H6,200,Found,2008-01-01,31.92644,10.18961,"(31.926440, 10.189610)"
Bir Zar 009,48912,Valid,Stony,Ordinary,H5-6,21,Found,2008-01-01,31.92644,10.18961,"(31.926440, 10.189610)"
Cocklebiddy,5392,Valid,Stony,Ordinary,H5,19500,Found,1949-01-01,-31.93333,126.21667,"(-31.933330, 126.216670)"
Bir Zar 002,48905,Valid,Stony,Ordinary,L4/5,331,Found,2008-01-01,31.93833,10.28403,"(31.938330, 10.284030)"
Pitts,18837,Valid,Iron,Primitive Achondrites,"Iron, IAB-ung",3760,Fell,1921-01-01,31.95,-83.51667,"(31.950000, -83.516670)"
Whetstone Mountains,49514,Valid,Stony,Ordinary,H5,2138.74,Fell,2009-01-01,31.96185,-110.434183,"(31.961850, -110.434183)"
Burrika,5176,Valid,Stony,Ordinary,L6,20.4,Found,1966-01-01,-31.96667,125.83333,"(-31.966670, 125.833330)"
Bouanane,52888,Valid,Stony,Ordinary,L6,1395,Found,2009-01-01,31.98333,-3.2,"(31.983330, -3.200000)"
Agoudal,57354,Valid,Iron,Achondrites,"Iron, IIAB",100000,Found,2000-01-01,31.98457,-5.51528,"(31.984570, -5.515280)"
Comanche (stone),5415,Valid,Stony,Ordinary,L5,2400,Found,1956-01-01,31.99167,-98.65167,"(31.991670, -98.651670)"
Ksar el Hajoui,53825,Valid,Stony,Ordinary,L6,3100,Found,2010-01-01,31.99317,-2.99347,"(31.993170, -2.993470)"
Concho,5417,Valid,Stony,Ordinary,L6,93500,Found,1939-01-01,32,-101.5,"(32.000000, -101.500000)"
Carver,5284,Valid,Iron,Achondrites,"Iron, IIAB",94000,Found,1935-01-01,32,-86,"(32.000000, -86.000000)"
Galleta Flat,52414,Valid,Stony,Ordinary,H4,392,Found,2009-01-01,32.00415,-110.37503,"(32.004150, -110.375030)"
Anthony Gap,56391,Valid,Stony,Ordinary,L6,347.36,Found,2011-01-01,32.00584,-106.56028,"(32.005840, -106.560280)"
Crocker's Well,5473,Valid,Stony,Ordinary,LL7,3.8,Found,1956-01-01,-32.01667,139.78333,"(-32.016670, 139.783330)"
St. Mark's,23090,Valid,Stony,Enstatite,EH5,13780,Fell,1903-01-01,-32.01667,27.41667,"(-32.016670, 27.416670)"
Comanche (iron),5414,Valid,Iron,Primitive Achondrites,"Iron, IAB-sLL",19700,Found,1940-01-01,32.01667,-98.7,"(32.016670, -98.700000)"
Lea County 001,12750,Valid,Stony,Ordinary,H5,498,Found,1988-01-01,32.03333,-103.15,"(32.033330, -103.150000)"
Lea County 002,12751,Valid,Stony,No Class,K3,11,Found,1988-01-01,32.03333,-103.16667,"(32.033330, -103.166670)"
Ethiudna,10060,Valid,Stony,Ordinary,L4,74318,Found,1977-01-01,-32.03333,139.78333,"(-32.033330, 139.783330)"
Burkett,5170,Valid,Iron,Primitive Achondrites,"Iron, IAB-MG",8400,Found,1913-01-01,32.03333,-99.25,"(32.033330, -99.250000)"
Lea County 003,12752,Valid,Stony,Ordinary,H4,4.91,Found,1999-01-01,32.04333,-103.15333,"(32.043330, -103.153330)"
Burnabbie,5173,Valid,Stony,Ordinary,H5,2515,Found,1965-01-01,-32.05,126.16667,"(-32.050000, 126.166670)"
Qidong,18907,Valid,Stony,Ordinary,L/LL5,1275,Fell,1982-01-01,32.08333,121.5,"(32.083330, 121.500000)"
Cardanumbi,5268,Valid,Stony,Ordinary,L5,6.4,Found,1966-01-01,-32.1,125.68333,"(-32.100000, 125.683330)"
Idutywa,12000,Valid,Stony,Ordinary,H5,3457,Fell,1956-01-01,-32.1,28.33333,"(-32.100000, 28.333330)"
Adhi Kot,379,Valid,Stony,Enstatite,EH4,4239,Fell,1919-01-01,32.1,71.8,"(32.100000, 71.800000)"
Claxton,5374,Valid,Stony,Ordinary,L6,1455,Fell,1984-01-01,32.1025,-81.87278,"(32.102500, -81.872780)"
Nantong,16907,Valid,Stony,Ordinary,H6,529,Fell,1984-01-01,32.11667,121.8,"(32.116670, 121.800000)"
Cockburn,5391,Valid,Stony,Ordinary,L6,2460,Found,1946-01-01,-32.13333,141.03333,"(-32.133330, 141.033330)"
Jay Bird Springs,47731,Valid,Stony-Iron,Achondrites,Pallasite,292,Found,2003-01-01,32.133333,-82.983333,"(32.133333, -82.983333)"
Cat Mountain,5297,Valid,Stony,Ordinary,L5,2700,Found,1981-01-01,32.14833,-111.11167,"(32.148330, -111.111670)"
Troup,24054,Valid,Stony,Ordinary,L6,1020,Fell,1917-01-01,32.16667,-95.1,"(32.166670, -95.100000)"
Malaga,15393,Valid,Stony,Ordinary,OC,150,Fell,1933-01-01,32.21667,-104,"(32.216670, -104.000000)"
Deming,55792,Valid,Stony,Ordinary,H5,784,Found,2009-01-01,32.22548,-107.90459,"(32.225480, -107.904590)"
Buffalo Gap,51831,Valid,Iron,Primitive Achondrites,"Iron, IAB-ung",9300,Found,2003-01-01,32.24611,-99.99306,"(32.246110, -99.993060)"
Benguerir,30443,Valid,Stony,Ordinary,LL6,25000,Fell,2004-01-01,32.25,-8.15,"(32.250000, -8.150000)"
Glen Rose (iron),10932,Valid,Iron,Achondrites,"Iron, ungrouped",11000,Found,1934-01-01,32.25,-97.71667,"(32.250000, -97.716670)"
Dos Cabezas,7721,Valid,Stony,Ordinary,L5,755,Found,1998-01-01,32.295,-109.67,"(32.295000, -109.670000)"
Zaoyang,30391,Valid,Stony,Ordinary,H5,14250,Fell,1984-01-01,32.3,112.75,"(32.300000, 112.750000)"
Alkali Flat,55662,Valid,Stony,Ordinary,L5,28,Found,2011-01-01,32.306,-108.9038,"(32.306000, -108.903800)"
Palahatchie,18073,Valid,Stony,Ordinary,OC,,Fell,1910-01-01,32.31667,-89.71667,"(32.316670, -89.716670)"
Cleburne,5377,Valid,Iron,Achondrites,"Iron, IVA",6800,Found,1907-01-01,32.31667,-97.41667,"(32.316670, -97.416670)"
Desert Willow,48655,Valid,Stony,Ordinary,H4/5,11.3,Found,2007-01-01,32.319,-111.077,"(32.319000, -111.077000)"
Frankel City,10175,Valid,Stony,Ordinary,L6,4700,Found,1977-01-01,32.33333,-102.745,"(32.333330, -102.745000)"
Xingyang,24346,Valid,Stony,Ordinary,H6,75500,Fell,1977-01-01,32.33333,114.31667,"(32.333330, 114.316670)"
Min-Fan-Zhun,16697,Valid,Stony,Ordinary,LL6,5500,Fell,1952-01-01,32.33333,120.66667,"(32.333330, 120.666670)"
Douar Mghila,7723,Valid,Stony,Ordinary,LL6,1161,Fell,1932-01-01,32.33333,-6.3,"(32.333330, -6.300000)"
Belville,5009,Valid,Stony,Ordinary,OC,,Fell,1937-01-01,-32.33333,-64.86667,"(-32.333330, -64.866670)"
Hickiwan,11881,Valid,Stony,Ordinary,H5,1928,Found,1974-01-01,32.35833,-112.40889,"(32.358330, -112.408890)"
Hinojal,11887,Valid,Stony,Ordinary,L6,50000,Found,1927-01-01,-32.36667,-60.15,"(-32.366670, -60.150000)"
Guangyuan,11438,Valid,Iron,Achondrites,Iron,,Found,1965-01-01,32.4,105.9,"(32.400000, 105.900000)"
Guanghua,11434,Valid,Iron,Achondrites,"Iron, IVA",190000,Found,1932-01-01,32.4,111.7,"(32.400000, 111.700000)"
Sixiangkou,23619,Valid,Stony,Ordinary,L5,630,Fell,1989-01-01,32.43333,119.86667,"(32.433330, 119.866670)"
Jackalsfontein,12065,Valid,Stony,Ordinary,L6,48000,Fell,1903-01-01,-32.5,21.9,"(-32.500000, 21.900000)"
Florey,10112,Valid,Stony,Ordinary,H6,110800,Found,1978-01-01,32.5225,-102.705,"(32.522500, -102.705000)"
Felix,10081,Valid,Stony,Carbonaceous,CO3.3,3200,Fell,1900-01-01,32.53333,-87.16667,"(32.533330, -87.166670)"
Ackerly,55379,Valid,Stony,Ordinary,L5,3046,Found,1995-01-01,32.59033,-101.77217,"(32.590330, -101.772170)"
Kaldoonera Hill,12233,Valid,Stony,Ordinary,H6,12000,Found,1956-01-01,-32.61667,134.85,"(-32.616670, 134.850000)"
Lakewood,12450,Valid,Stony,Ordinary,L6,46500,Found,1955-01-01,32.62972,-104.35,"(32.629720, -104.350000)"
Duncanville,7744,Valid,Stony,Ordinary,H,17800,Found,1961-01-01,32.63333,-96.86667,"(32.633330, -96.866670)"
Harleton,11830,Valid,Stony,Ordinary,L6,8360,Fell,1961-01-01,32.675,-94.51167,"(32.675000, -94.511670)"
Ksar Ghilane 001,54553,Valid,Stony,Ordinary,L6,5511,Found,2008-01-01,32.681,9.72872,"(32.681000, 9.728720)"
Gail,10843,Valid,Stony,Ordinary,H4,4650,Found,1948-01-01,32.7,-101.6,"(32.700000, -101.600000)"
Hobbs,11891,Valid,Stony,Ordinary,H4,2300,Found,1933-01-01,32.73333,-103.1,"(32.733330, -103.100000)"
Hobbs (b),11892,Valid,Stony,Ordinary,H5,1600,Found,1933-01-01,32.73333,-103.1,"(32.733330, -103.100000)"
Anoual,45975,Valid,Stony,Achondrites,Lunar,5.92,Found,2006-01-01,32.73458,-2.95797,"(32.734580, -2.957970)"
Renca,22587,Valid,Stony,Ordinary,L5,300,Fell,1925-01-01,-32.75,-65.28333,"(-32.750000, -65.283330)"
Ksar Ghilane 007,54558,Valid,Stony,Ordinary,H6,5381,Found,2011-01-01,32.75832,9.8593,"(32.758320, 9.859300)"
Merweville,15493,Valid,Stony,Ordinary,L5,6970,Found,1977-01-01,-32.75833,21.68333,"(-32.758330, 21.683330)"
Ksar Ghilane 008,54559,Valid,Stony,Ordinary,H5,295,Found,2011-01-01,32.76107,9.86632,"(32.761070, 9.866320)"
Ksar Ghilane 009,54560,Valid,Stony,Ordinary,H6,173,Found,2011-01-01,32.76277,9.86542,"(32.762770, 9.865420)"
Grandview,47730,Valid,Stony,Ordinary,L5,6400,Found,2008-01-01,32.788333,-101.938333,"(32.788333, -101.938333)"
Werdama,47344,Valid,Stony,Ordinary,H5,4000,Fell,2006-01-01,32.79732,21.78713,"(32.797320, 21.787130)"
Fluvanna (a),10116,Valid,Stony,Ordinary,L5,9500,Found,1967-01-01,32.8,-101.11667,"(32.800000, -101.116670)"
Ksar Ghilane 003,54554,Valid,Stony,Ordinary,L6,299,Found,2010-01-01,32.80157,9.8411,"(32.801570, 9.841100)"
Ksar Ghilane 010,55605,Valid,Stony,Ordinary,L5,50.1,Found,2012-01-01,32.806,9.833,"(32.806000, 9.833000)"
Ksar Ghilane 002,54564,Valid,Stony,Achondrites,Martian (shergottite),538,Found,2010-01-01,32.80625,9.83283,"(32.806250, 9.832830)"
Ksar Ghilane 006,54557,Valid,Stony,Ordinary,H4,26,Found,2011-01-01,32.80628,9.83767,"(32.806280, 9.837670)"
Cocunda,5393,Valid,Stony,Ordinary,L6,482,Found,1945-01-01,-32.81667,134.8,"(-32.816670, 134.800000)"
Ksar Ghilane 004,54555,Valid,Stony,Ordinary,H5,335,Found,2010-01-01,32.81755,9.95518,"(32.817550, 9.955180)"
Gaines County Park,10844,Valid,Stony,Ordinary,H5,13700,Found,1977-01-01,32.83333,-102.73333,"(32.833330, -102.733330)"
Millen,16644,Valid,Stony,Ordinary,H4,40800,Found,1975-01-01,32.83528,-81.87389,"(32.835280, -81.873890)"
Lueders,14750,Valid,Iron,Primitive Achondrites,"Iron, IAB-MG",35400,Found,1973-01-01,32.83611,-99.60417,"(32.836110, -99.604170)"
Ksar Ghilane 005,54556,Valid,Stony,Ordinary,L6,73,Found,2010-01-01,32.84078,9.90705,"(32.840780, 9.907050)"
Beni M'hira,5018,Valid,Stony,Ordinary,L6,19000,Fell,2001-01-01,32.86667,10.8,"(32.866670, 10.800000)"
Imperial,12026,Valid,Stony,Ordinary,H4,4,Found,1908-01-01,32.86667,-115.58333,"(32.866670, -115.583330)"
Lamesa,12452,Valid,Iron,Primitive Achondrites,"Iron, IAB-sLM",16900,Found,1981-01-01,32.88333,-101.88333,"(32.883330, -101.883330)"
Ksar Ghilane 011,55606,Valid,Stony,Ordinary,L4,25.6,Found,2012-01-01,32.891,9.913,"(32.891000, 9.913000)"
Ashmore,2349,Valid,Stony,Ordinary,H5,55400,Found,1969-01-01,32.9,-102.28333,"(32.900000, -102.283330)"
Loop,14702,Valid,Stony,Ordinary,L6,5600,Found,1962-01-01,32.9,-102.28333,"(32.900000, -102.283330)"
Alamogordo,449,Valid,Stony,Ordinary,H5,13600,Found,1938-01-01,32.9,-105.93333,"(32.900000, -105.933330)"
Fuyang,10840,Valid,Stony,Unclassified,Stone-uncl,2500,Fell,1977-01-01,32.9,115.9,"(32.900000, 115.900000)"
Fluvanna (b),10117,Valid,Stony,Ordinary,H6,4110,Found,1976-01-01,32.90333,-101.16278,"(32.903330, -101.162780)"
Dongtai,7708,Valid,Stony,Ordinary,LL6,5500,Fell,1970-01-01,32.91667,120.78333,"(32.916670, 120.783330)"
Menindee Lakes 002,15480,Valid,Stony,Ordinary,H5,270,Found,1969-01-01,-32.91667,141.88333,"(-32.916670, 141.883330)"
Menindee Lakes 003,15481,Valid,Stony,Ordinary,L6,172,Found,1969-01-01,-32.91667,141.88333,"(-32.916670, 141.883330)"
Menindee Lakes 005,15483,Valid,Stony,Ordinary,H5,72.9,Found,1969-01-01,-32.91667,141.88333,"(-32.916670, 141.883330)"
Menindee Lakes 006,15484,Valid,Stony,Ordinary,H6,68.2,Found,1969-01-01,-32.91667,141.88333,"(-32.916670, 141.883330)"
Cargo Muchacho Mountains,50912,Valid,Stony,Carbonaceous,CO3,2860,Found,2000-01-01,32.91745,-114.767183,"(32.917450, -114.767183)"
McKenzie Draw (a),15461,Valid,Stony,Ordinary,H4,11800,Found,1989-01-01,32.925,-102.625,"(32.925000, -102.625000)"
McKenzie Draw (b),15462,Valid,Stony,Ordinary,H4,2990,Found,1989-01-01,32.925,-102.625,"(32.925000, -102.625000)"
Ningqiang,16981,Valid,Stony,Carbonaceous,C3-ung,4610,Fell,1983-01-01,32.925,105.90667,"(32.925000, 105.906670)"
Tianzhang,23984,Valid,Stony,Ordinary,H5,2232,Fell,1986-01-01,32.94667,118.99,"(32.946670, 118.990000)"
Tatahouine,23884,Valid,Stony,Achondrites,Diogenite,12000,Fell,1931-01-01,32.95,10.41667,"(32.950000, 10.416670)"
Buckleboo,5160,Valid,Stony,Ordinary,H6,992,Found,1963-01-01,-32.95556,136.1375,"(-32.955560, 136.137500)"
Loop (c),14704,Valid,Stony,Ordinary,OC,861,Found,1964-01-01,32.98333,-102.38833,"(32.983330, -102.388330)"
Loop (b),14703,Valid,Stony,Ordinary,H,1600,Found,1964-01-01,32.99167,-102.38833,"(32.991670, -102.388330)"
Bowden,5122,Valid,Stony,Ordinary,H5,603,Found,1907-01-01,-33,26.4,"(-33.000000, 26.400000)"
Baygorria,4980,Valid,Iron,Primitive Achondrites,"Iron, IAB complex",80000,Found,1994-01-01,-33,-56,"(-33.000000, -56.000000)"
Gualeguaych�,11432,Valid,Stony,Ordinary,H6,22000,Fell,1932-01-01,-33,-58.61667,"(-33.000000, -58.616670)"
Arbol Solo,2325,Valid,Stony,Ordinary,H5,810,Fell,1954-01-01,-33,-66,"(-33.000000, -66.000000)"
La Luz,48962,Valid,Stony,Ordinary,H4,4798,Found,2005-01-01,33.00383,-105.85083,"(33.003830, -105.850830)"
Chocolate Mountains,52013,Valid,Stony,Primitive Achondrites,Ureilite,699,Found,2004-01-01,33.01222,-114.86667,"(33.012220, -114.866670)"
Gila Bend,30664,Valid,Stony,Ordinary,L5,3700,Found,2000-01-01,33.03333,-112.61667,"(33.033330, -112.616670)"
Lake Grace,12443,Valid,Stony,Ordinary,L6,10500,Found,1956-01-01,-33.06667,118.21667,"(-33.066670, 118.216670)"
Coronel Arnold,5445,Valid,Stony,Ordinary,L,450,Found,1962-01-01,-33.06667,-61,"(-33.066670, -61.000000)"
Denver City,6661,Valid,Iron,Achondrites,"Iron, ungrouped",26100,Found,1975-01-01,33.07139,-102.80028,"(33.071390, -102.800280)"
Foster,10170,Valid,Stony,Ordinary,H4,1992,Found,1975-01-01,33.1,-102.26667,"(33.100000, -102.266670)"
Allred,2280,Valid,Stony,Ordinary,L4,6570,Found,1978-01-01,33.1,-102.95,"(33.100000, -102.950000)"
Casilda,5288,Valid,Stony,Ordinary,H5,5250,Found,1937-01-01,-33.1,-61.13333,"(-33.100000, -61.133330)"
Allen,2277,Valid,Stony,Ordinary,H4,1407,Found,1923-01-01,33.1,-96.7,"(33.100000, -96.700000)"
Grassland,10959,Valid,Stony,Ordinary,L4,4400,Found,1964-01-01,33.11667,-101.58333,"(33.116670, -101.583330)"
El Timbu,7820,Valid,Iron,Achondrites,Iron,500000,Found,1942-01-01,-33.11667,-60.96667,"(-33.116670, -60.966670)"
Laochenzhen,12466,Valid,Stony,Ordinary,H5,14250,Fell,1987-01-01,33.13333,115.16667,"(33.133330, 115.166670)"
Menindee Lakes 004,15482,Valid,Stony,Ordinary,L6,158.5,Found,1969-01-01,-33.13333,141.71667,"(-33.133330, 141.716670)"
Brownfield (c),5153,Valid,Stony,Ordinary,OC,1550,Found,1974-01-01,33.135,-102.27833,"(33.135000, -102.278330)"
Binningup,5051,Valid,Stony,Ordinary,H5,488.1,Fell,1984-01-01,-33.15639,115.67639,"(-33.156390, 115.676390)"
Menindee Lakes 001,15479,Valid,Stony,Ordinary,L6,747,Found,1969-01-01,-33.16667,141.75,"(-33.166670, 141.750000)"
Achiras,370,Valid,Stony,Ordinary,L6,780,Fell,1902-01-01,-33.16667,-64.95,"(-33.166670, -64.950000)"
Gomez,10944,Valid,Stony,Ordinary,L6,47000,Found,1974-01-01,33.18139,-102.40139,"(33.181390, -102.401390)"
Sylacauga,23773,Valid,Stony,Ordinary,H4,5560,Fell,1954-01-01,33.18836,-86.2945,"(33.188360, -86.294500)"
Haskell,11849,Valid,Stony,Ordinary,L5,36000,Found,1909-01-01,33.21333,-99.73167,"(33.213330, -99.731670)"
Brownfield (1964),5152,Valid,Stony,Ordinary,H5,4100,Found,1964-01-01,33.21667,-102.18333,"(33.216670, -102.183330)"
Brownfield (iron),5154,Valid,Iron,Achondrites,"Iron, IID",1626,Found,1960-01-01,33.21667,-102.18333,"(33.216670, -102.183330)"
Brownfield (1937),5151,Valid,Stony,Ordinary,H3.7,40960,Found,1937-01-01,33.21667,-102.18333,"(33.216670, -102.183330)"
Kimba,12310,Valid,Stony,Ordinary,H4,1492,Found,1997-01-01,-33.21667,136.41667,"(-33.216670, 136.416670)"
En Naffatiyah,52012,Valid,Stony,Ordinary,L6,87.2,Found,2007-01-01,33.21888,10.83445,"(33.218880, 10.834450)"
Chandler,53491,Valid,Stony,Ordinary,L6,350.4,Found,2009-01-01,33.24558,-111.89633,"(33.245580, -111.896330)"
Hezma,44713,Valid,Stony,Ordinary,L5/6,62,Found,2002-01-01,33.25,10.46667,"(33.250000, 10.466670)"
Maricopa,15420,Valid,Stony,Ordinary,H,50,Found,1980-01-01,33.25,-112.05,"(33.250000, -112.050000)"
Kappakoola,12252,Valid,Stony,Ordinary,H6,392.5,Found,1929-01-01,-33.25,135.53333,"(-33.250000, 135.533330)"
Metameur 004,54852,Valid,Stony,Ordinary,H6,10,Found,2010-01-01,33.25027,10.38917,"(33.250270, 10.389170)"
Borrego,5115,Valid,Stony,Ordinary,L6,2126,Found,1930-01-01,33.26667,-116.38333,"(33.266670, -116.383330)"
Bronco (b),5148,Valid,Stony,Ordinary,OC,101,Found,1980-01-01,33.275,-102.96,"(33.275000, -102.960000)"
Bronco (c),5149,Valid,Stony,Ordinary,OC,53,Found,1980-01-01,33.275,-102.96,"(33.275000, -102.960000)"
Bronco,5147,Valid,Stony,Ordinary,OC,972,Found,1971-01-01,33.28333,-102.96667,"(33.283330, -102.966670)"
Kyancutta,12386,Valid,Iron,Achondrites,"Iron, IIIAB",32700,Found,1932-01-01,-33.28333,136,"(-33.283330, 136.000000)"
Lost Draw,14713,Valid,Stony,Ordinary,OC,309,Found,1980-01-01,33.28944,-102.54306,"(33.289440, -102.543060)"
Gundaring,11452,Valid,Iron,Achondrites,"Iron, IIIAB",112500,Found,1937-01-01,-33.3,117.66667,"(-33.300000, 117.666670)"
Kanzaki,12250,Valid,Stony,Ordinary,H,483,Found,1905-01-01,33.3,130.36667,"(33.300000, 130.366670)"
Cowell,5457,Valid,Iron,Achondrites,"Iron, IIIAB",5717,Found,1932-01-01,-33.3,136.01667,"(-33.300000, 136.016670)"
Meadow (b),15466,Valid,Stony,Ordinary,L6,691,Found,1981-01-01,33.33139,-102.26889,"(33.331390, -102.268890)"
Meadow (a),15465,Valid,Stony,Ordinary,H5,1495,Found,1975-01-01,33.33139,-102.26889,"(33.331390, -102.268890)"
Metameur 001,44719,Valid,Stony,Ordinary,LL6,748,Found,2005-01-01,33.35,10.4,"(33.350000, 10.400000)"
Metameur 002,44720,Valid,Stony,Ordinary,H4,17,Found,2005-01-01,33.35,10.43333,"(33.350000, 10.433330)"
Forest Vale,10120,Valid,Stony,Ordinary,H4,26000,Fell,1942-01-01,-33.35,146.85833,"(-33.350000, 146.858330)"
Thal,23908,Valid,Stony,Ordinary,H6,342,Fell,1950-01-01,33.4,70.6,"(33.400000, 70.600000)"
Metameur 003,44721,Valid,Stony,Ordinary,L4,126,Found,2005-01-01,33.40333,10.45833,"(33.403330, 10.458330)"
Duwun,7754,Valid,Stony,Ordinary,L6,2117,Fell,1943-01-01,33.43333,127.26667,"(33.433330, 127.266670)"
Apache Junction,54566,Valid,Iron,Achondrites,"Iron, IIIAB",25000,Found,,33.45,-111.51667,"(33.450000, -111.516670)"
San Juan Capistrano,23128,Valid,Stony,Ordinary,H6,56,Fell,1973-01-01,33.48472,-117.6625,"(33.484720, -117.662500)"
Forestburg (b),10122,Valid,Stony,Ordinary,L5,26600,Found,1957-01-01,33.49556,-97.58861,"(33.495560, -97.588610)"
Howe,11914,Valid,Stony,Ordinary,H5,8630,Found,1938-01-01,33.5,-96.6,"(33.500000, -96.600000)"
Forestburg (a),10121,Valid,Stony,Ordinary,L4,26100,Found,1957-01-01,33.50667,-97.65139,"(33.506670, -97.651390)"
Deport (a),6663,Valid,Stony,Ordinary,H4,604,Found,1944-01-01,33.51667,-95.3,"(33.516670, -95.300000)"
Deport,6662,Valid,Iron,Primitive Achondrites,"Iron, IAB-sLL",15000,Found,1926-01-01,33.51667,-95.3,"(33.516670, -95.300000)"
Mangalo,15404,Valid,Stony,Ordinary,L6,1050,Found,1975-01-01,-33.56667,136.65,"(-33.566670, 136.650000)"
Benjamin,5020,Valid,Stony,Ordinary,H4/5,51800,Found,1969-01-01,33.58333,-99.8,"(33.583330, -99.800000)"
Bledsoe,5074,Valid,Stony,Ordinary,H4,30500,Found,1970-01-01,33.59167,-103.02667,"(33.591670, -103.026670)"
Lubbock,14722,Valid,Stony,Ordinary,L5,1457.8,Found,1938-01-01,33.6,-101.73333,"(33.600000, -101.733330)"
Kielpa,12302,Valid,Stony,Ordinary,H5,13600,Found,1948-01-01,-33.6,136.1,"(-33.600000, 136.100000)"
Bells,5005,Valid,Stony,Carbonaceous,C2-ung,375,Fell,1961-01-01,33.6,-96.46667,"(33.600000, -96.466670)"
Fountain Hills,30565,Valid,Stony,Carbonaceous,CBa,60,Found,2002-01-01,33.61,-111.72,"(33.610000, -111.720000)"
Donnybrook,7709,Valid,Stony-Iron,Achondrites,Mesosiderite?,414,Found,1918-01-01,-33.61667,115.91667,"(-33.616670, 115.916670)"
Kouga Mountains,12352,Valid,Iron,Achondrites,"Iron, IIIAB",1173000,Found,1903-01-01,-33.61667,24,"(-33.616670, 24.000000)"
Acme,371,Valid,Stony,Ordinary,H5,75000,Found,1947-01-01,33.63333,-104.26667,"(33.633330, -104.266670)"
Sheyang,23531,Valid,Stony,Ordinary,L6,605,Fell,1976-01-01,33.65,120.06667,"(33.650000, 120.066670)"
Boaz (stone),5091,Valid,Stony,Ordinary,H5,1800,Found,1968-01-01,33.65167,-103.70833,"(33.651670, -103.708330)"
Diablo Pass,35516,Valid,Stony,Ordinary,L6,246.6,Found,2004-01-01,33.66348,-114.29207,"(33.663480, -114.292070)"
Crosbyton,5475,Valid,Stony,Ordinary,H,,Found,1963-01-01,33.66667,-101.26667,"(33.666670, -101.266670)"
El Mirage,7809,Valid,Iron,Achondrites,"Iron, IIAB",598,Found,1972-01-01,33.68333,-112.26667,"(33.683330, -112.266670)"
Gibson,10913,Valid,Stony,Primitive Achondrites,Lodranite,67.1,Found,1991-01-01,-33.68333,121.8,"(-33.683330, 121.800000)"
Hope,11905,Valid,Iron,Primitive Achondrites,"Iron, IAB-MG",6800,Found,1955-01-01,33.68333,-93.6,"(33.683330, -93.600000)"
Little Harquahala Mountains,53484,Valid,Stony,Ordinary,H-melt rock,262.2,Found,2006-01-01,33.69177,-113.63612,"(33.691770, -113.636120)"
Kenna (b),12278,Valid,Stony,Ordinary,L5,453,Found,1972-01-01,33.70833,-103.76667,"(33.708330, -103.766670)"
Big Horn Mountains,50765,Valid,Stony,Ordinary,H4,91.9,Found,2006-01-01,33.71333,-113.275,"(33.713330, -113.275000)"
Elton,10029,Valid,Iron,Achondrites,"Iron, ungrouped",1900,Found,1936-01-01,33.71667,-100.83333,"(33.716670, -100.833330)"
Griffith,11204,Valid,Iron,Achondrites,"Iron, ungrouped",6000,Found,1985-01-01,33.71667,-102.81667,"(33.716670, -102.816670)"
Shupiyan,23583,Valid,Stony,Ordinary,H6,5000,Fell,1912-01-01,33.71667,74.83333,"(33.716670, 74.833330)"
McAddo,15457,Valid,Stony,Ordinary,L6,1100,Found,1935-01-01,33.75,-100.93333,"(33.750000, -100.933330)"
Hassayampa,11851,Valid,Stony,Ordinary,H4,16000,Found,1963-01-01,33.75,-112.66667,"(33.750000, -112.666670)"
Diep River,7642,Valid,Stony,Ordinary,L6,1000,Fell,1906-01-01,-33.75,18.56667,"(-33.750000, 18.566670)"
Naragh,16909,Valid,Stony,Ordinary,H6,2700,Fell,1974-01-01,33.75,51.5,"(33.750000, 51.500000)"
Holliday,11897,Valid,Iron,Achondrites,Iron,12,Found,1950-01-01,33.75,-98.83333,"(33.750000, -98.833330)"
Anton,2311,Valid,Stony,Ordinary,H4,41800,Found,1965-01-01,33.7825,-102.18111,"(33.782500, -102.181110)"
Elida (a),10014,Valid,Stony,Ordinary,L6,936.8,Found,1968-01-01,33.78333,-103.57667,"(33.783330, -103.576670)"
Elida (c),10016,Valid,Stony,Ordinary,H5,385.5,Found,1968-01-01,33.79,-103.56333,"(33.790000, -103.563330)"
